File,Encoded_Label
val_9240.JPEG,139
val_9308.JPEG,74
val_3262.JPEG,40
val_3528.JPEG,65
val_4147.JPEG,30
val_7569.JPEG,60
val_7697.JPEG,119
val_5881.JPEG,146
val_2921.JPEG,127
val_2898.JPEG,164
val_8122.JPEG,34
val_1197.JPEG,131
val_2105.JPEG,17
val_8858.JPEG,166
val_8204.JPEG,192
val_9775.JPEG,196
val_6410.JPEG,128
val_1362.JPEG,188
val_7975.JPEG,199
val_3367.JPEG,138
val_4095.JPEG,159
val_2484.JPEG,69
val_6400.JPEG,49
val_9089.JPEG,102
val_6527.JPEG,129
val_744.JPEG,50
val_941.JPEG,101
val_3066.JPEG,180
val_8859.JPEG,93
val_5193.JPEG,65
val_2956.JPEG,146
val_4345.JPEG,173
val_3585.JPEG,182
val_5847.JPEG,189
val_8880.JPEG,90
val_812.JPEG,72
val_1478.JPEG,15
val_3444.JPEG,198
val_6743.JPEG,86
val_3138.JPEG,142
val_1524.JPEG,157
val_1279.JPEG,157
val_2826.JPEG,86
val_7791.JPEG,7
val_6171.JPEG,99
val_8719.JPEG,167
val_8328.JPEG,43
val_1523.JPEG,48
val_7362.JPEG,33
val_6470.JPEG,197
val_9504.JPEG,21
val_2700.JPEG,186
val_6705.JPEG,144
val_8747.JPEG,135
val_5475.JPEG,159
val_6132.JPEG,109
val_2085.JPEG,51
val_4665.JPEG,43
val_5684.JPEG,116
val_5558.JPEG,49
val_4364.JPEG,197
val_6487.JPEG,192
val_5396.JPEG,65
val_4161.JPEG,17
val_7760.JPEG,38
val_6335.JPEG,44
val_8935.JPEG,154
val_4447.JPEG,56
val_9885.JPEG,13
val_618.JPEG,113
val_6292.JPEG,44
val_7957.JPEG,163
val_3166.JPEG,197
val_1422.JPEG,155
val_1954.JPEG,17
val_6415.JPEG,74
val_6299.JPEG,136
val_6627.JPEG,4
val_7583.JPEG,180
val_6087.JPEG,107
val_5634.JPEG,25
val_2647.JPEG,76
val_5307.JPEG,59
val_2675.JPEG,131
val_2893.JPEG,1
val_7029.JPEG,184
val_1226.JPEG,121
val_1070.JPEG,165
val_4684.JPEG,75
val_6144.JPEG,161
val_1938.JPEG,55
val_6512.JPEG,101
val_837.JPEG,190
val_8664.JPEG,156
val_9207.JPEG,90
val_598.JPEG,150
val_4540.JPEG,52
val_3287.JPEG,79
val_7220.JPEG,129
val_6251.JPEG,99
val_1283.JPEG,66
val_3817.JPEG,23
val_3116.JPEG,45
val_2448.JPEG,24
val_9497.JPEG,145
val_1970.JPEG,38
val_3791.JPEG,170
val_6612.JPEG,173
val_9327.JPEG,9
val_6418.JPEG,119
val_3581.JPEG,7
val_2358.JPEG,50
val_9106.JPEG,52
val_9176.JPEG,147
val_6783.JPEG,13
val_45.JPEG,40
val_8558.JPEG,100
val_362.JPEG,155
val_3952.JPEG,167
val_4099.JPEG,95
val_127.JPEG,164
val_8317.JPEG,103
val_4779.JPEG,60
val_4357.JPEG,158
val_6062.JPEG,10
val_2343.JPEG,150
val_3068.JPEG,177
val_3872.JPEG,16
val_5690.JPEG,95
val_1426.JPEG,31
val_9753.JPEG,145
val_6358.JPEG,143
val_8146.JPEG,56
val_6725.JPEG,152
val_9931.JPEG,158
val_8240.JPEG,57
val_8803.JPEG,181
val_4055.JPEG,134
val_1624.JPEG,156
val_947.JPEG,22
val_3912.JPEG,109
val_7016.JPEG,136
val_6768.JPEG,139
val_3026.JPEG,118
val_5432.JPEG,195
val_7678.JPEG,109
val_5190.JPEG,110
val_7216.JPEG,22
val_850.JPEG,70
val_5675.JPEG,27
val_8381.JPEG,156
val_5770.JPEG,141
val_1120.JPEG,20
val_9666.JPEG,81
val_995.JPEG,116
val_5549.JPEG,169
val_5107.JPEG,149
val_4709.JPEG,115
val_3739.JPEG,120
val_8794.JPEG,56
val_6878.JPEG,189
val_7091.JPEG,133
val_3633.JPEG,66
val_9484.JPEG,189
val_7111.JPEG,157
val_3614.JPEG,61
val_8264.JPEG,183
val_323.JPEG,6
val_1877.JPEG,185
val_9263.JPEG,56
val_2598.JPEG,85
val_1528.JPEG,178
val_1809.JPEG,21
val_9288.JPEG,36
val_7256.JPEG,10
val_7470.JPEG,107
val_1231.JPEG,73
val_5075.JPEG,160
val_1196.JPEG,28
val_9623.JPEG,102
val_2331.JPEG,27
val_579.JPEG,99
val_9110.JPEG,194
val_2393.JPEG,99
val_561.JPEG,178
val_991.JPEG,19
val_4467.JPEG,98
val_2065.JPEG,132
val_8496.JPEG,93
val_3167.JPEG,64
val_8731.JPEG,149
val_3284.JPEG,81
val_584.JPEG,44
val_7302.JPEG,95
val_1685.JPEG,86
val_5783.JPEG,150
val_7335.JPEG,86
val_4835.JPEG,83
val_7156.JPEG,158
val_6635.JPEG,16
val_9633.JPEG,111
val_3439.JPEG,140
val_4014.JPEG,22
val_751.JPEG,17
val_3354.JPEG,113
val_955.JPEG,127
val_6846.JPEG,118
val_6213.JPEG,108
val_4355.JPEG,60
val_3871.JPEG,39
val_9233.JPEG,199
val_2907.JPEG,174
val_7920.JPEG,106
val_7382.JPEG,86
val_1591.JPEG,39
val_9154.JPEG,28
val_8647.JPEG,148
val_5332.JPEG,120
val_5460.JPEG,105
val_7711.JPEG,86
val_516.JPEG,53
val_3881.JPEG,152
val_120.JPEG,93
val_6931.JPEG,42
val_1248.JPEG,124
val_141.JPEG,15
val_4591.JPEG,193
val_9795.JPEG,87
val_8490.JPEG,106
val_2710.JPEG,197
val_4956.JPEG,18
val_757.JPEG,124
val_6167.JPEG,187
val_3154.JPEG,16
val_883.JPEG,152
val_2243.JPEG,3
val_4813.JPEG,100
val_4527.JPEG,114
val_6841.JPEG,99
val_8346.JPEG,181
val_9546.JPEG,20
val_3551.JPEG,60
val_365.JPEG,173
val_4867.JPEG,35
val_3855.JPEG,66
val_1373.JPEG,61
val_7415.JPEG,129
val_4752.JPEG,19
val_1174.JPEG,133
val_7752.JPEG,145
val_8641.JPEG,53
val_7667.JPEG,12
val_5058.JPEG,7
val_971.JPEG,41
val_2567.JPEG,133
val_7520.JPEG,16
val_6521.JPEG,111
val_940.JPEG,51
val_3326.JPEG,169
val_8564.JPEG,59
val_5773.JPEG,141
val_2732.JPEG,15
val_164.JPEG,162
val_4649.JPEG,163
val_6889.JPEG,102
val_202.JPEG,176
val_1819.JPEG,57
val_4065.JPEG,194
val_7158.JPEG,80
val_4144.JPEG,74
val_2109.JPEG,26
val_9939.JPEG,107
val_4153.JPEG,0
val_1952.JPEG,51
val_6738.JPEG,138
val_2088.JPEG,34
val_6323.JPEG,150
val_5008.JPEG,12
val_1751.JPEG,26
val_9744.JPEG,27
val_8417.JPEG,93
val_1917.JPEG,0
val_972.JPEG,105
val_7211.JPEG,130
val_5103.JPEG,145
val_913.JPEG,129
val_124.JPEG,73
val_9872.JPEG,158
val_242.JPEG,26
val_6847.JPEG,164
val_4440.JPEG,9
val_7265.JPEG,123
val_6767.JPEG,158
val_6227.JPEG,21
val_8128.JPEG,36
val_3652.JPEG,178
val_6131.JPEG,112
val_4227.JPEG,171
val_1995.JPEG,38
val_1061.JPEG,32
val_1087.JPEG,192
val_8420.JPEG,184
val_8549.JPEG,166
val_1465.JPEG,170
val_6600.JPEG,131
val_4259.JPEG,121
val_5122.JPEG,162
val_983.JPEG,93
val_7179.JPEG,175
val_7080.JPEG,170
val_8401.JPEG,131
val_2949.JPEG,157
val_4400.JPEG,163
val_3713.JPEG,166
val_125.JPEG,172
val_6871.JPEG,143
val_6119.JPEG,62
val_8445.JPEG,53
val_6476.JPEG,2
val_6983.JPEG,66
val_2381.JPEG,50
val_139.JPEG,117
val_1011.JPEG,23
val_7490.JPEG,20
val_320.JPEG,109
val_5081.JPEG,193
val_5261.JPEG,34
val_5514.JPEG,139
val_6696.JPEG,78
val_8095.JPEG,0
val_203.JPEG,179
val_4118.JPEG,188
val_8324.JPEG,117
val_8322.JPEG,155
val_982.JPEG,198
val_2492.JPEG,74
val_9321.JPEG,114
val_6695.JPEG,150
val_2754.JPEG,73
val_9748.JPEG,78
val_2743.JPEG,53
val_4452.JPEG,53
val_444.JPEG,148
val_1904.JPEG,11
val_5520.JPEG,50
val_1041.JPEG,175
val_4102.JPEG,29
val_4802.JPEG,73
val_514.JPEG,7
val_2532.JPEG,187
val_4558.JPEG,0
val_512.JPEG,129
val_2851.JPEG,192
val_1957.JPEG,80
val_1244.JPEG,173
val_1611.JPEG,71
val_7923.JPEG,46
val_9355.JPEG,33
val_4592.JPEG,90
val_4772.JPEG,67
val_271.JPEG,94
val_8975.JPEG,143
val_7721.JPEG,4
val_8082.JPEG,183
val_7004.JPEG,39
val_5344.JPEG,180
val_600.JPEG,45
val_7058.JPEG,14
val_4412.JPEG,152
val_562.JPEG,140
val_2502.JPEG,88
val_720.JPEG,74
val_1932.JPEG,89
val_801.JPEG,112
val_6125.JPEG,0
val_2778.JPEG,139
val_2180.JPEG,57
val_552.JPEG,15
val_4427.JPEG,28
val_8310.JPEG,1
val_8336.JPEG,125
val_3610.JPEG,58
val_8210.JPEG,124
val_1894.JPEG,7
val_5414.JPEG,132
val_5028.JPEG,170
val_9979.JPEG,50
val_3229.JPEG,166
val_2005.JPEG,113
val_9126.JPEG,93
val_3098.JPEG,53
val_9184.JPEG,16
val_3950.JPEG,109
val_8391.JPEG,85
val_674.JPEG,70
val_4777.JPEG,102
val_1647.JPEG,46
val_4791.JPEG,191
val_546.JPEG,114
val_6386.JPEG,123
val_1660.JPEG,105
val_8596.JPEG,176
val_9604.JPEG,187
val_7761.JPEG,42
val_3744.JPEG,48
val_3324.JPEG,143
val_7342.JPEG,102
val_8304.JPEG,87
val_1757.JPEG,33
val_269.JPEG,155
val_6008.JPEG,133
val_1651.JPEG,38
val_2006.JPEG,81
val_5048.JPEG,9
val_7130.JPEG,53
val_37.JPEG,71
val_5283.JPEG,124
val_3057.JPEG,186
val_2788.JPEG,76
val_5818.JPEG,76
val_9913.JPEG,26
val_8867.JPEG,174
val_681.JPEG,89
val_1385.JPEG,77
val_611.JPEG,0
val_2810.JPEG,150
val_3866.JPEG,75
val_4515.JPEG,159
val_4117.JPEG,115
val_9429.JPEG,44
val_4727.JPEG,186
val_1864.JPEG,123
val_592.JPEG,55
val_1567.JPEG,18
val_3005.JPEG,67
val_1293.JPEG,142
val_4596.JPEG,17
val_8888.JPEG,7
val_6103.JPEG,68
val_4751.JPEG,45
val_6150.JPEG,69
val_9410.JPEG,98
val_7034.JPEG,103
val_3887.JPEG,121
val_2149.JPEG,152
val_8560.JPEG,98
val_3381.JPEG,75
val_8153.JPEG,19
val_7845.JPEG,187
val_1852.JPEG,172
val_4555.JPEG,104
val_2424.JPEG,169
val_1027.JPEG,35
val_2677.JPEG,61
val_4081.JPEG,2
val_9864.JPEG,94
val_9346.JPEG,51
val_3191.JPEG,33
val_1326.JPEG,55
val_3715.JPEG,126
val_1568.JPEG,138
val_977.JPEG,14
val_5413.JPEG,161
val_7174.JPEG,149
val_7105.JPEG,39
val_4708.JPEG,124
val_8388.JPEG,161
val_435.JPEG,137
val_1607.JPEG,64
val_3383.JPEG,13
val_4771.JPEG,174
val_4816.JPEG,190
val_8026.JPEG,170
val_6870.JPEG,113
val_911.JPEG,196
val_4838.JPEG,63
val_5260.JPEG,11
val_1159.JPEG,191
val_2812.JPEG,114
val_9186.JPEG,137
val_2513.JPEG,91
val_2228.JPEG,113
val_8915.JPEG,159
val_9142.JPEG,10
val_6359.JPEG,101
val_3200.JPEG,62
val_1409.JPEG,35
val_1297.JPEG,124
val_3346.JPEG,126
val_2816.JPEG,163
val_2314.JPEG,9
val_9761.JPEG,45
val_3934.JPEG,24
val_9645.JPEG,188
val_1743.JPEG,38
val_7632.JPEG,153
val_7365.JPEG,188
val_3919.JPEG,34
val_8333.JPEG,56
val_21.JPEG,101
val_243.JPEG,197
val_1718.JPEG,19
val_1788.JPEG,194
val_8879.JPEG,142
val_5315.JPEG,139
val_4739.JPEG,195
val_4145.JPEG,139
val_8622.JPEG,44
val_156.JPEG,51
val_8002.JPEG,24
val_1533.JPEG,114
val_1613.JPEG,171
val_4228.JPEG,120
val_189.JPEG,17
val_3507.JPEG,107
val_3075.JPEG,21
val_5349.JPEG,142
val_3221.JPEG,134
val_6776.JPEG,119
val_8152.JPEG,33
val_2423.JPEG,176
val_1618.JPEG,135
val_1584.JPEG,114
val_6677.JPEG,7
val_8918.JPEG,187
val_6063.JPEG,27
val_5954.JPEG,14
val_471.JPEG,23
val_5924.JPEG,63
val_2170.JPEG,25
val_6693.JPEG,75
val_5541.JPEG,45
val_3148.JPEG,87
val_3544.JPEG,54
val_1148.JPEG,60
val_4926.JPEG,63
val_2831.JPEG,41
val_7688.JPEG,137
val_7136.JPEG,190
val_2979.JPEG,170
val_5699.JPEG,81
val_9561.JPEG,7
val_7528.JPEG,140
val_6646.JPEG,55
val_4632.JPEG,106
val_4945.JPEG,163
val_4352.JPEG,26
val_2185.JPEG,102
val_5626.JPEG,64
val_5534.JPEG,53
val_9529.JPEG,161
val_6118.JPEG,191
val_8068.JPEG,97
val_3582.JPEG,29
val_9139.JPEG,71
val_7244.JPEG,185
val_7001.JPEG,71
val_8258.JPEG,97
val_4610.JPEG,99
val_8632.JPEG,183
val_7769.JPEG,153
val_6558.JPEG,104
val_7328.JPEG,87
val_1836.JPEG,197
val_2060.JPEG,30
val_2611.JPEG,73
val_5809.JPEG,168
val_7692.JPEG,9
val_2787.JPEG,194
val_2192.JPEG,61
val_7603.JPEG,196
val_2702.JPEG,148
val_5539.JPEG,5
val_4394.JPEG,120
val_9802.JPEG,171
val_6318.JPEG,23
val_1702.JPEG,75
val_3002.JPEG,56
val_6128.JPEG,115
val_5771.JPEG,76
val_5154.JPEG,36
val_867.JPEG,198
val_295.JPEG,159
val_7663.JPEG,146
val_5000.JPEG,23
val_8227.JPEG,180
val_8697.JPEG,183
val_1336.JPEG,198
val_6611.JPEG,99
val_3192.JPEG,94
val_4792.JPEG,180
val_2034.JPEG,12
val_3081.JPEG,155
val_6660.JPEG,62
val_1679.JPEG,127
val_8253.JPEG,154
val_4868.JPEG,47
val_8423.JPEG,118
val_5155.JPEG,141
val_2310.JPEG,114
val_3729.JPEG,128
val_2137.JPEG,145
val_4545.JPEG,126
val_5839.JPEG,9
val_1540.JPEG,138
val_8877.JPEG,53
val_5544.JPEG,105
val_443.JPEG,170
val_7248.JPEG,132
val_3558.JPEG,1
val_8532.JPEG,169
val_1720.JPEG,79
val_3931.JPEG,187
val_4987.JPEG,111
val_3606.JPEG,126
val_370.JPEG,187
val_3197.JPEG,148
val_8064.JPEG,29
val_4644.JPEG,80
val_8670.JPEG,139
val_3282.JPEG,73
val_346.JPEG,14
val_3440.JPEG,141
val_9366.JPEG,97
val_1263.JPEG,153
val_7600.JPEG,136
val_992.JPEG,71
val_4020.JPEG,72
val_2527.JPEG,137
val_3042.JPEG,188
val_9122.JPEG,14
val_3147.JPEG,78
val_535.JPEG,167
val_9996.JPEG,153
val_6724.JPEG,164
val_4353.JPEG,82
val_9499.JPEG,60
val_453.JPEG,71
val_2731.JPEG,20
val_2902.JPEG,89
val_7388.JPEG,157
val_9525.JPEG,100
val_9284.JPEG,76
val_6581.JPEG,198
val_865.JPEG,104
val_2156.JPEG,64
val_2903.JPEG,155
val_8010.JPEG,88
val_1871.JPEG,6
val_7613.JPEG,82
val_651.JPEG,0
val_9581.JPEG,87
val_399.JPEG,196
val_1059.JPEG,164
val_3317.JPEG,183
val_4861.JPEG,1
val_2251.JPEG,198
val_4858.JPEG,73
val_2222.JPEG,48
val_8301.JPEG,16
val_8127.JPEG,163
val_6034.JPEG,6
val_2308.JPEG,24
val_8897.JPEG,30
val_7245.JPEG,166
val_8522.JPEG,168
val_2081.JPEG,99
val_7242.JPEG,67
val_5429.JPEG,96
val_5275.JPEG,123
val_6673.JPEG,17
val_6881.JPEG,105
val_2353.JPEG,162
val_7165.JPEG,186
val_3133.JPEG,26
val_712.JPEG,129
val_8087.JPEG,116
val_8257.JPEG,59
val_18.JPEG,153
val_4759.JPEG,45
val_9425.JPEG,139
val_7482.JPEG,99
val_9912.JPEG,68
val_3230.JPEG,33
val_8579.JPEG,40
val_4733.JPEG,23
val_2658.JPEG,23
val_3218.JPEG,178
val_766.JPEG,51
val_3247.JPEG,15
val_4599.JPEG,56
val_3561.JPEG,80
val_1375.JPEG,74
val_8812.JPEG,33
val_9735.JPEG,78
val_1923.JPEG,181
val_9792.JPEG,102
val_742.JPEG,96
val_9658.JPEG,197
val_9513.JPEG,129
val_4361.JPEG,109
val_1779.JPEG,72
val_5878.JPEG,195
val_3129.JPEG,125
val_7766.JPEG,193
val_6639.JPEG,34
val_7786.JPEG,129
val_7324.JPEG,101
val_7345.JPEG,75
val_7483.JPEG,77
val_3385.JPEG,194
val_2653.JPEG,10
val_2472.JPEG,82
val_9296.JPEG,139
val_4705.JPEG,62
val_1813.JPEG,100
val_481.JPEG,129
val_6962.JPEG,85
val_7506.JPEG,173
val_4804.JPEG,68
val_6779.JPEG,193
val_6313.JPEG,77
val_373.JPEG,86
val_5808.JPEG,112
val_1237.JPEG,53
val_9011.JPEG,194
val_8699.JPEG,155
val_423.JPEG,18
val_4173.JPEG,49
val_7078.JPEG,177
val_2708.JPEG,133
val_1143.JPEG,88
val_4807.JPEG,56
val_200.JPEG,53
val_8314.JPEG,39
val_8864.JPEG,120
val_5488.JPEG,22
val_8609.JPEG,22
val_3516.JPEG,3
val_7706.JPEG,178
val_5925.JPEG,135
val_3070.JPEG,191
val_6273.JPEG,78
val_9672.JPEG,26
val_6426.JPEG,9
val_2986.JPEG,188
val_7010.JPEG,182
val_4798.JPEG,194
val_5762.JPEG,92
val_679.JPEG,124
val_4559.JPEG,159
val_8668.JPEG,147
val_4585.JPEG,123
val_2150.JPEG,157
val_6456.JPEG,1
val_3771.JPEG,145
val_5882.JPEG,70
val_2727.JPEG,151
val_2401.JPEG,169
val_3277.JPEG,2
val_7909.JPEG,139
val_3145.JPEG,97
val_3757.JPEG,171
val_6416.JPEG,153
val_6974.JPEG,61
val_497.JPEG,50
val_6832.JPEG,16
val_3155.JPEG,76
val_7966.JPEG,9
val_5595.JPEG,9
val_8745.JPEG,56
val_5051.JPEG,69
val_7250.JPEG,143
val_3836.JPEG,29
val_9565.JPEG,122
val_532.JPEG,105
val_8202.JPEG,50
val_2929.JPEG,13
val_9432.JPEG,38
val_7260.JPEG,41
val_6113.JPEG,120
val_5259.JPEG,194
val_709.JPEG,14
val_7633.JPEG,39
val_1454.JPEG,177
val_2738.JPEG,178
val_8546.JPEG,103
val_6402.JPEG,152
val_8781.JPEG,109
val_4054.JPEG,115
val_5252.JPEG,61
val_6877.JPEG,175
val_8657.JPEG,163
val_5013.JPEG,98
val_352.JPEG,84
val_3976.JPEG,156
val_9720.JPEG,29
val_3634.JPEG,74
val_179.JPEG,18
val_2256.JPEG,89
val_7119.JPEG,157
val_4573.JPEG,85
val_3206.JPEG,85
val_5664.JPEG,161
val_1361.JPEG,87
val_9693.JPEG,55
val_8775.JPEG,111
val_4844.JPEG,180
val_2471.JPEG,124
val_9078.JPEG,54
val_8238.JPEG,100
val_9626.JPEG,178
val_3296.JPEG,110
val_5775.JPEG,91
val_5006.JPEG,96
val_1926.JPEG,158
val_3867.JPEG,41
val_3615.JPEG,30
val_9736.JPEG,33
val_3667.JPEG,41
val_4662.JPEG,69
val_9593.JPEG,149
val_4330.JPEG,99
val_5611.JPEG,134
val_8869.JPEG,27
val_3236.JPEG,192
val_1981.JPEG,191
val_724.JPEG,155
val_936.JPEG,72
val_6269.JPEG,98
val_6620.JPEG,169
val_7902.JPEG,37
val_5628.JPEG,21
val_1755.JPEG,137
val_7648.JPEG,136
val_9010.JPEG,33
val_4889.JPEG,143
val_2328.JPEG,16
val_7728.JPEG,172
val_5385.JPEG,174
val_5579.JPEG,139
val_3752.JPEG,109
val_6365.JPEG,7
val_7172.JPEG,180
val_5445.JPEG,118
val_5912.JPEG,54
val_3869.JPEG,71
val_101.JPEG,42
val_6168.JPEG,175
val_7092.JPEG,11
val_8476.JPEG,140
val_918.JPEG,198
val_2315.JPEG,65
val_5241.JPEG,70
val_6810.JPEG,104
val_6183.JPEG,99
val_6490.JPEG,74
val_5412.JPEG,167
val_5021.JPEG,195
val_5050.JPEG,46
val_3745.JPEG,199
val_9573.JPEG,32
val_2204.JPEG,196
val_2488.JPEG,183
val_9450.JPEG,27
val_5472.JPEG,153
val_7046.JPEG,134
val_185.JPEG,113
val_3993.JPEG,125
val_6905.JPEG,4
val_6304.JPEG,133
val_6298.JPEG,92
val_9242.JPEG,55
val_6850.JPEG,45
val_7355.JPEG,30
val_9340.JPEG,72
val_2436.JPEG,67
val_8142.JPEG,131
val_2410.JPEG,180
val_5914.JPEG,79
val_1015.JPEG,85
val_8190.JPEG,107
val_6003.JPEG,54
val_1768.JPEG,10
val_8284.JPEG,11
val_3886.JPEG,32
val_3947.JPEG,13
val_2133.JPEG,137
val_49.JPEG,80
val_8318.JPEG,96
val_2368.JPEG,151
val_4836.JPEG,61
val_9842.JPEG,99
val_5165.JPEG,35
val_6518.JPEG,134
val_3731.JPEG,133
val_2952.JPEG,113
val_8086.JPEG,129
val_7937.JPEG,145
val_9281.JPEG,34
val_5883.JPEG,47
val_4112.JPEG,163
val_5958.JPEG,64
val_9686.JPEG,143
val_7352.JPEG,128
val_3289.JPEG,187
val_1518.JPEG,59
val_3109.JPEG,186
val_6827.JPEG,85
val_7406.JPEG,59
val_4669.JPEG,2
val_9694.JPEG,64
val_4073.JPEG,8
val_9411.JPEG,37
val_4116.JPEG,178
val_2293.JPEG,160
val_7376.JPEG,66
val_3584.JPEG,169
val_5096.JPEG,31
val_5822.JPEG,114
val_3040.JPEG,59
val_4579.JPEG,173
val_1612.JPEG,62
val_7455.JPEG,40
val_1596.JPEG,81
val_29.JPEG,25
val_6478.JPEG,62
val_9310.JPEG,154
val_900.JPEG,109
val_6247.JPEG,168
val_4254.JPEG,199
val_7032.JPEG,67
val_4687.JPEG,61
val_4901.JPEG,16
val_6555.JPEG,121
val_2711.JPEG,198
val_7857.JPEG,100
val_8390.JPEG,188
val_9100.JPEG,53
val_9343.JPEG,170
val_3178.JPEG,82
val_2733.JPEG,164
val_6219.JPEG,163
val_477.JPEG,24
val_3642.JPEG,125
val_9204.JPEG,18
val_8835.JPEG,126
val_7135.JPEG,180
val_519.JPEG,108
val_7629.JPEG,157
val_9570.JPEG,95
val_9616.JPEG,46
val_8607.JPEG,110
val_132.JPEG,120
val_3619.JPEG,108
val_2863.JPEG,67
val_4714.JPEG,94
val_459.JPEG,104
val_3255.JPEG,59
val_2037.JPEG,67
val_401.JPEG,130
val_6784.JPEG,7
val_6928.JPEG,149
val_225.JPEG,182
val_7745.JPEG,158
val_213.JPEG,66
val_9511.JPEG,146
val_719.JPEG,0
val_9603.JPEG,43
val_7832.JPEG,54
val_8876.JPEG,194
val_7997.JPEG,130
val_6411.JPEG,85
val_5605.JPEG,63
val_8571.JPEG,177
val_9974.JPEG,46
val_3527.JPEG,64
val_2701.JPEG,142
val_442.JPEG,35
val_5250.JPEG,196
val_9766.JPEG,45
val_8056.JPEG,94
val_8208.JPEG,88
val_4281.JPEG,84
val_1797.JPEG,74
val_6549.JPEG,13
val_8498.JPEG,95
val_4915.JPEG,93
val_2890.JPEG,105
val_5023.JPEG,122
val_1441.JPEG,198
val_8282.JPEG,106
val_4864.JPEG,44
val_1672.JPEG,140
val_8487.JPEG,7
val_7701.JPEG,64
val_472.JPEG,135
val_2078.JPEG,160
val_4992.JPEG,111
val_7696.JPEG,198
val_6165.JPEG,41
val_845.JPEG,125
val_4617.JPEG,81
val_5780.JPEG,82
val_2046.JPEG,0
val_2374.JPEG,85
val_5768.JPEG,70
val_3863.JPEG,21
val_8765.JPEG,111
val_5941.JPEG,199
val_6838.JPEG,98
val_375.JPEG,155
val_9919.JPEG,4
val_3449.JPEG,139
val_4402.JPEG,28
val_5478.JPEG,149
val_3263.JPEG,32
val_3312.JPEG,117
val_4854.JPEG,138
val_8587.JPEG,189
val_9765.JPEG,6
val_3503.JPEG,72
val_298.JPEG,189
val_7102.JPEG,16
val_3936.JPEG,110
val_7223.JPEG,4
val_8635.JPEG,56
val_6197.JPEG,3
val_5729.JPEG,176
val_8319.JPEG,177
val_7809.JPEG,17
val_4087.JPEG,166
val_9821.JPEG,17
val_2641.JPEG,9
val_7930.JPEG,0
val_9807.JPEG,11
val_6916.JPEG,148
val_6769.JPEG,58
val_7720.JPEG,167
val_4623.JPEG,43
val_1855.JPEG,170
val_9517.JPEG,71
val_4577.JPEG,68
val_430.JPEG,15
val_3261.JPEG,43
val_8126.JPEG,121
val_8486.JPEG,112
val_417.JPEG,184
val_1290.JPEG,90
val_1746.JPEG,48
val_6792.JPEG,193
val_8223.JPEG,186
val_6371.JPEG,50
val_6017.JPEG,43
val_4360.JPEG,125
val_8870.JPEG,2
val_5665.JPEG,61
val_8552.JPEG,133
val_4213.JPEG,58
val_5581.JPEG,80
val_3393.JPEG,11
val_8194.JPEG,18
val_2011.JPEG,10
val_5017.JPEG,137
val_8180.JPEG,146
val_3559.JPEG,36
val_9730.JPEG,4
val_9602.JPEG,170
val_4704.JPEG,124
val_5223.JPEG,165
val_8158.JPEG,122
val_3589.JPEG,41
val_1759.JPEG,182
val_7830.JPEG,172
val_1986.JPEG,44
val_4067.JPEG,24
val_8780.JPEG,85
val_3451.JPEG,150
val_8105.JPEG,19
val_6550.JPEG,196
val_1221.JPEG,157
val_4995.JPEG,178
val_8996.JPEG,177
val_8125.JPEG,131
val_1834.JPEG,42
val_261.JPEG,178
val_1481.JPEG,67
val_3747.JPEG,148
val_5243.JPEG,79
val_601.JPEG,128
val_7139.JPEG,17
val_8878.JPEG,71
val_9984.JPEG,11
val_4886.JPEG,160
val_7561.JPEG,58
val_1794.JPEG,91
val_2715.JPEG,91
val_2938.JPEG,166
val_9953.JPEG,94
val_2990.JPEG,46
val_2815.JPEG,86
val_4871.JPEG,4
val_3648.JPEG,48
val_6176.JPEG,50
val_4787.JPEG,140
val_4902.JPEG,32
val_6624.JPEG,40
val_1219.JPEG,112
val_9563.JPEG,110
val_6495.JPEG,92
val_2553.JPEG,93
val_9681.JPEG,127
val_7700.JPEG,59
val_6297.JPEG,185
val_3920.JPEG,86
val_3793.JPEG,13
val_9024.JPEG,130
val_1443.JPEG,77
val_4372.JPEG,113
val_9462.JPEG,103
val_6240.JPEG,167
val_1639.JPEG,120
val_4735.JPEG,196
val_7204.JPEG,65
val_616.JPEG,188
val_4128.JPEG,159
val_2495.JPEG,19
val_4520.JPEG,173
val_3059.JPEG,29
val_5731.JPEG,72
val_2216.JPEG,31
val_9501.JPEG,130
val_2980.JPEG,181
val_8443.JPEG,52
val_7162.JPEG,190
val_5753.JPEG,103
val_1910.JPEG,87
val_6021.JPEG,103
val_8428.JPEG,77
val_6711.JPEG,140
val_498.JPEG,76
val_4356.JPEG,161
val_1832.JPEG,8
val_1703.JPEG,49
val_8825.JPEG,193
val_480.JPEG,108
val_9304.JPEG,198
val_3858.JPEG,40
val_4033.JPEG,19
val_7974.JPEG,115
val_236.JPEG,79
val_5698.JPEG,97
val_1289.JPEG,126
val_6959.JPEG,172
val_2586.JPEG,81
val_1682.JPEG,45
val_2978.JPEG,73
val_1507.JPEG,153
val_4568.JPEG,51
val_6214.JPEG,145
val_2601.JPEG,59
val_2103.JPEG,171
val_5761.JPEG,44
val_2590.JPEG,141
val_1233.JPEG,48
val_1605.JPEG,45
val_2636.JPEG,116
val_5803.JPEG,125
val_172.JPEG,164
val_8062.JPEG,113
val_6786.JPEG,86
val_1435.JPEG,10
val_8962.JPEG,121
val_4570.JPEG,156
val_8093.JPEG,127
val_9914.JPEG,79
val_3088.JPEG,73
val_2797.JPEG,164
val_448.JPEG,91
val_1915.JPEG,43
val_8368.JPEG,50
val_7984.JPEG,123
val_8990.JPEG,149
val_6033.JPEG,4
val_1182.JPEG,145
val_4695.JPEG,14
val_4920.JPEG,192
val_7145.JPEG,181
val_3825.JPEG,119
val_3765.JPEG,163
val_6315.JPEG,39
val_1681.JPEG,197
val_8485.JPEG,66
val_1418.JPEG,34
val_935.JPEG,185
val_6392.JPEG,42
val_4004.JPEG,38
val_9477.JPEG,182
val_8037.JPEG,129
val_5440.JPEG,25
val_7027.JPEG,182
val_6927.JPEG,22
val_3388.JPEG,140
val_9065.JPEG,111
val_9650.JPEG,0
val_1944.JPEG,139
val_5237.JPEG,27
val_154.JPEG,55
val_1155.JPEG,14
val_9958.JPEG,59
val_4747.JPEG,168
val_1055.JPEG,159
val_9230.JPEG,59
val_3822.JPEG,198
val_9262.JPEG,3
val_5251.JPEG,178
val_6960.JPEG,67
val_9395.JPEG,126
val_1021.JPEG,35
val_6321.JPEG,153
val_359.JPEG,185
val_7115.JPEG,133
val_3483.JPEG,51
val_7243.JPEG,196
val_4512.JPEG,161
val_9130.JPEG,0
val_637.JPEG,32
val_9886.JPEG,191
val_7049.JPEG,100
val_3772.JPEG,0
val_7772.JPEG,2
val_6592.JPEG,12
val_7956.JPEG,164
val_3477.JPEG,18
val_3661.JPEG,182
val_3380.JPEG,191
val_7321.JPEG,8
val_8927.JPEG,132
val_926.JPEG,93
val_8049.JPEG,48
val_1858.JPEG,29
val_5861.JPEG,155
val_4048.JPEG,169
val_3518.JPEG,51
val_5622.JPEG,44
val_6095.JPEG,66
val_5523.JPEG,25
val_9661.JPEG,159
val_1589.JPEG,86
val_3638.JPEG,143
val_4524.JPEG,25
val_2818.JPEG,162
val_427.JPEG,109
val_8793.JPEG,174
val_6968.JPEG,58
val_9783.JPEG,163
val_3625.JPEG,41
val_1709.JPEG,124
val_6539.JPEG,165
val_1762.JPEG,76
val_9665.JPEG,163
val_4853.JPEG,131
val_7254.JPEG,20
val_3364.JPEG,155
val_3628.JPEG,12
val_3554.JPEG,172
val_4211.JPEG,192
val_7298.JPEG,118
val_929.JPEG,62
val_8075.JPEG,3
val_4564.JPEG,121
val_5672.JPEG,90
val_304.JPEG,6
val_2391.JPEG,158
val_7188.JPEG,80
val_568.JPEG,177
val_3966.JPEG,167
val_7326.JPEG,29
val_6453.JPEG,166
val_8084.JPEG,28
val_1631.JPEG,125
val_7805.JPEG,146
val_4188.JPEG,41
val_4769.JPEG,186
val_6579.JPEG,30
val_9733.JPEG,136
val_501.JPEG,172
val_2123.JPEG,6
val_5136.JPEG,32
val_3330.JPEG,32
val_1545.JPEG,25
val_4482.JPEG,17
val_404.JPEG,158
val_3027.JPEG,166
val_5341.JPEG,95
val_7912.JPEG,3
val_3030.JPEG,9
val_2933.JPEG,135
val_6445.JPEG,170
val_3374.JPEG,179
val_3672.JPEG,126
val_9673.JPEG,27
val_6142.JPEG,131
val_9438.JPEG,171
val_2516.JPEG,198
val_7658.JPEG,28
val_7056.JPEG,29
val_3241.JPEG,151
val_5287.JPEG,18
val_1383.JPEG,38
val_4219.JPEG,47
val_4651.JPEG,154
val_4293.JPEG,37
val_4833.JPEG,83
val_7525.JPEG,166
val_6135.JPEG,179
val_6235.JPEG,47
val_2233.JPEG,137
val_5889.JPEG,192
val_9978.JPEG,16
val_4532.JPEG,130
val_2541.JPEG,169
val_2061.JPEG,45
val_4077.JPEG,41
val_3673.JPEG,44
val_3198.JPEG,30
val_6266.JPEG,191
val_395.JPEG,74
val_9121.JPEG,95
val_7813.JPEG,6
val_2842.JPEG,59
val_429.JPEG,89
val_2691.JPEG,139
val_5441.JPEG,93
val_4302.JPEG,173
val_3420.JPEG,72
val_6790.JPEG,35
val_2928.JPEG,180
val_5751.JPEG,172
val_2296.JPEG,87
val_6746.JPEG,189
val_8171.JPEG,75
val_9009.JPEG,130
val_1674.JPEG,146
val_4223.JPEG,106
val_4179.JPEG,174
val_5313.JPEG,0
val_8268.JPEG,133
val_9317.JPEG,140
val_8430.JPEG,162
val_5680.JPEG,176
val_956.JPEG,87
val_950.JPEG,134
val_5147.JPEG,175
val_1582.JPEG,132
val_2686.JPEG,81
val_6488.JPEG,157
val_2753.JPEG,53
val_8506.JPEG,13
val_9948.JPEG,88
val_9960.JPEG,121
val_3141.JPEG,198
val_5285.JPEG,159
val_6604.JPEG,23
val_1470.JPEG,65
val_5117.JPEG,121
val_9271.JPEG,128
val_3156.JPEG,71
val_7619.JPEG,57
val_8834.JPEG,78
val_5037.JPEG,18
val_6809.JPEG,182
val_5238.JPEG,84
val_4885.JPEG,20
val_1590.JPEG,191
val_7886.JPEG,186
val_7622.JPEG,44
val_6043.JPEG,148
val_8003.JPEG,120
val_5262.JPEG,143
val_5586.JPEG,191
val_2694.JPEG,188
val_1680.JPEG,160
val_9964.JPEG,93
val_8298.JPEG,89
val_8013.JPEG,78
val_2352.JPEG,182
val_7332.JPEG,179
val_8539.JPEG,162
val_4670.JPEG,89
val_9392.JPEG,29
val_7875.JPEG,155
val_5764.JPEG,116
val_6001.JPEG,71
val_9135.JPEG,91
val_9205.JPEG,42
val_7757.JPEG,100
val_7895.JPEG,154
val_7892.JPEG,143
val_5125.JPEG,7
val_9214.JPEG,94
val_1043.JPEG,195
val_1313.JPEG,58
val_4618.JPEG,11
val_9520.JPEG,154
val_8432.JPEG,12
val_6522.JPEG,131
val_5569.JPEG,138
val_8505.JPEG,124
val_6802.JPEG,6
val_1843.JPEG,26
val_5466.JPEG,55
val_4755.JPEG,85
val_826.JPEG,30
val_7873.JPEG,111
val_1983.JPEG,31
val_6771.JPEG,158
val_3566.JPEG,146
val_5599.JPEG,173
val_7910.JPEG,75
val_1896.JPEG,150
val_3613.JPEG,144
val_999.JPEG,54
val_5916.JPEG,4
val_9323.JPEG,37
val_201.JPEG,126
val_6331.JPEG,140
val_3423.JPEG,86
val_9654.JPEG,102
val_8820.JPEG,62
val_8159.JPEG,174
val_6520.JPEG,74
val_2344.JPEG,24
val_1344.JPEG,195
val_8339.JPEG,98
val_5613.JPEG,7
val_9592.JPEG,134
val_2334.JPEG,97
val_6826.JPEG,34
val_4470.JPEG,193
val_5350.JPEG,105
val_9881.JPEG,158
val_7319.JPEG,182
val_4929.JPEG,177
val_357.JPEG,12
val_9052.JPEG,69
val_2981.JPEG,159
val_3530.JPEG,199
val_8650.JPEG,155
val_3808.JPEG,115
val_769.JPEG,196
val_7386.JPEG,6
val_2494.JPEG,197
val_998.JPEG,29
val_3774.JPEG,183
val_8200.JPEG,81
val_6311.JPEG,97
val_4612.JPEG,176
val_3344.JPEG,1
val_2480.JPEG,77
val_9564.JPEG,155
val_4151.JPEG,164
val_2478.JPEG,185
val_9949.JPEG,0
val_5660.JPEG,79
val_3786.JPEG,141
val_4935.JPEG,8
val_4706.JPEG,166
val_6715.JPEG,182
val_8030.JPEG,141
val_1793.JPEG,150
val_6647.JPEG,71
val_6139.JPEG,180
val_7917.JPEG,71
val_5144.JPEG,70
val_2457.JPEG,24
val_1076.JPEG,18
val_6652.JPEG,134
val_763.JPEG,59
val_761.JPEG,52
val_4887.JPEG,103
val_1735.JPEG,46
val_4423.JPEG,170
val_4426.JPEG,39
val_8038.JPEG,56
val_6116.JPEG,130
val_628.JPEG,182
val_6762.JPEG,38
val_7331.JPEG,145
val_7931.JPEG,144
val_6109.JPEG,175
val_6548.JPEG,140
val_5230.JPEG,127
val_6538.JPEG,46
val_286.JPEG,23
val_9104.JPEG,43
val_3432.JPEG,133
val_8642.JPEG,45
val_7002.JPEG,33
val_2486.JPEG,137
val_7456.JPEG,198
val_5198.JPEG,197
val_4142.JPEG,97
val_6356.JPEG,91
val_781.JPEG,118
val_4961.JPEG,42
val_6237.JPEG,117
val_1074.JPEG,171
val_478.JPEG,87
val_5492.JPEG,100
val_7374.JPEG,198
val_6114.JPEG,15
val_5540.JPEG,50
val_1031.JPEG,137
val_2093.JPEG,66
val_4829.JPEG,34
val_1371.JPEG,112
val_6159.JPEG,186
val_5618.JPEG,6
val_4488.JPEG,191
val_1990.JPEG,171
val_621.JPEG,141
val_5063.JPEG,5
val_2518.JPEG,159
val_2451.JPEG,75
val_2420.JPEG,103
val_2571.JPEG,54
val_2960.JPEG,103
val_8495.JPEG,10
val_9402.JPEG,80
val_4815.JPEG,109
val_2215.JPEG,146
val_8617.JPEG,15
val_7275.JPEG,89
val_9260.JPEG,37
val_6684.JPEG,117
val_9483.JPEG,56
val_4015.JPEG,177
val_8696.JPEG,144
val_3196.JPEG,152
val_3935.JPEG,123
val_3921.JPEG,70
val_1883.JPEG,49
val_3956.JPEG,115
val_9149.JPEG,178
val_2959.JPEG,178
val_7557.JPEG,11
val_3777.JPEG,54
val_8936.JPEG,68
val_1587.JPEG,48
val_4927.JPEG,176
val_8713.JPEG,101
val_7195.JPEG,135
val_6631.JPEG,159
val_3086.JPEG,115
val_4948.JPEG,52
val_6049.JPEG,175
val_2073.JPEG,2
val_4870.JPEG,42
val_2887.JPEG,153
val_2800.JPEG,32
val_3152.JPEG,40
val_3978.JPEG,2
val_5098.JPEG,117
val_5502.JPEG,120
val_7699.JPEG,136
val_7436.JPEG,2
val_714.JPEG,191
val_2288.JPEG,115
val_7544.JPEG,25
val_6056.JPEG,63
val_4085.JPEG,128
val_2556.JPEG,107
val_3525.JPEG,30
val_9335.JPEG,98
val_2479.JPEG,54
val_1358.JPEG,136
val_8746.JPEG,24
val_692.JPEG,165
val_5620.JPEG,68
val_8188.JPEG,61
val_5454.JPEG,184
val_7593.JPEG,24
val_8050.JPEG,150
val_419.JPEG,77
val_3294.JPEG,3
val_3743.JPEG,69
val_9927.JPEG,42
val_4873.JPEG,167
val_635.JPEG,49
val_9026.JPEG,48
val_7086.JPEG,102
val_3099.JPEG,97
val_1128.JPEG,160
val_5060.JPEG,120
val_9703.JPEG,159
val_8540.JPEG,5
val_8569.JPEG,112
val_5207.JPEG,35
val_7913.JPEG,61
val_3884.JPEG,121
val_6474.JPEG,29
val_4460.JPEG,176
val_1288.JPEG,31
val_8035.JPEG,102
val_834.JPEG,96
val_6760.JPEG,124
val_9331.JPEG,115
val_7084.JPEG,157
val_7748.JPEG,101
val_3349.JPEG,158
val_910.JPEG,31
val_5588.JPEG,36
val_958.JPEG,31
val_2551.JPEG,37
val_800.JPEG,185
val_2670.JPEG,15
val_5902.JPEG,125
val_4032.JPEG,133
val_1029.JPEG,164
val_6065.JPEG,0
val_5981.JPEG,104
val_326.JPEG,54
val_6654.JPEG,119
val_6048.JPEG,160
val_5559.JPEG,77
val_754.JPEG,154
val_4051.JPEG,60
val_6587.JPEG,41
val_5336.JPEG,91
val_9152.JPEG,86
val_5.JPEG,161
val_1535.JPEG,1
val_3698.JPEG,23
val_3823.JPEG,18
val_7901.JPEG,2
val_4906.JPEG,64
val_8742.JPEG,145
val_5518.JPEG,96
val_7911.JPEG,90
val_1224.JPEG,176
val_6022.JPEG,177
val_9345.JPEG,187
val_9877.JPEG,54
val_8425.JPEG,22
val_2679.JPEG,191
val_315.JPEG,199
val_3450.JPEG,115
val_8405.JPEG,66
val_7586.JPEG,167
val_3140.JPEG,95
val_2568.JPEG,178
val_5320.JPEG,146
val_4880.JPEG,3
val_9791.JPEG,1
val_846.JPEG,20
val_7477.JPEG,12
val_5547.JPEG,177
val_2824.JPEG,130
val_7671.JPEG,13
val_6239.JPEG,120
val_1997.JPEG,127
val_6149.JPEG,197
val_7014.JPEG,140
val_5391.JPEG,160
val_7396.JPEG,140
val_9378.JPEG,105
val_485.JPEG,165
val_3575.JPEG,138
val_2856.JPEG,133
val_3217.JPEG,175
val_8113.JPEG,45
val_7128.JPEG,76
val_4808.JPEG,42
val_6840.JPEG,195
val_909.JPEG,110
val_2624.JPEG,61
val_60.JPEG,69
val_2524.JPEG,173
val_3943.JPEG,145
val_109.JPEG,86
val_4434.JPEG,154
val_4115.JPEG,12
val_1942.JPEG,145
val_3750.JPEG,55
val_3322.JPEG,77
val_6458.JPEG,12
val_8280.JPEG,167
val_5384.JPEG,193
val_1987.JPEG,165
val_8645.JPEG,105
val_9537.JPEG,91
val_2685.JPEG,93
val_7133.JPEG,127
val_3468.JPEG,162
val_3368.JPEG,103
val_115.JPEG,53
val_4207.JPEG,143
val_9662.JPEG,143
val_7168.JPEG,155
val_1368.JPEG,184
val_8107.JPEG,179
val_9583.JPEG,119
val_4132.JPEG,137
val_3395.JPEG,94
val_267.JPEG,66
val_5224.JPEG,7
val_4214.JPEG,111
val_3034.JPEG,99
val_3979.JPEG,185
val_2141.JPEG,175
val_4650.JPEG,2
val_2322.JPEG,24
val_2896.JPEG,111
val_1467.JPEG,40
val_4682.JPEG,141
val_1440.JPEG,156
val_8732.JPEG,31
val_5066.JPEG,72
val_6503.JPEG,58
val_2175.JPEG,129
val_6009.JPEG,123
val_2528.JPEG,35
val_1314.JPEG,110
val_4505.JPEG,15
val_7847.JPEG,36
val_257.JPEG,35
val_6678.JPEG,50
val_4021.JPEG,140
val_1320.JPEG,97
val_5525.JPEG,27
val_9585.JPEG,184
val_9354.JPEG,141
val_3701.JPEG,172
val_9750.JPEG,50
val_693.JPEG,189
val_1729.JPEG,11
val_4636.JPEG,70
val_1835.JPEG,154
val_5997.JPEG,134
val_9855.JPEG,182
val_2021.JPEG,28
val_7562.JPEG,165
val_6042.JPEG,92
val_5016.JPEG,14
val_7854.JPEG,141
val_3272.JPEG,65
val_916.JPEG,158
val_2309.JPEG,28
val_2383.JPEG,134
val_2306.JPEG,63
val_8293.JPEG,188
val_7643.JPEG,166
val_3387.JPEG,144
val_8034.JPEG,30
val_976.JPEG,161
val_3117.JPEG,151
val_2252.JPEG,82
val_7899.JPEG,2
val_2557.JPEG,6
val_9013.JPEG,32
val_5442.JPEG,100
val_5594.JPEG,154
val_7759.JPEG,63
val_8367.JPEG,138
val_2418.JPEG,34
val_7429.JPEG,178
val_6203.JPEG,30
val_4946.JPEG,108
val_1562.JPEG,26
val_2589.JPEG,56
val_3194.JPEG,193
val_7722.JPEG,173
val_3190.JPEG,138
val_1760.JPEG,198
val_9700.JPEG,171
val_8806.JPEG,183
val_5911.JPEG,48
val_5812.JPEG,141
val_7676.JPEG,73
val_2537.JPEG,6
val_8813.JPEG,94
val_1561.JPEG,77
val_1158.JPEG,28
val_2562.JPEG,173
val_1040.JPEG,175
val_5875.JPEG,31
val_3274.JPEG,40
val_8400.JPEG,190
val_1627.JPEG,41
val_33.JPEG,130
val_6067.JPEG,22
val_9196.JPEG,151
val_4737.JPEG,61
val_2750.JPEG,71
val_7509.JPEG,183
val_6434.JPEG,145
val_3341.JPEG,134
val_7852.JPEG,35
val_1411.JPEG,74
val_9362.JPEG,20
val_1204.JPEG,179
val_5239.JPEG,142
val_8913.JPEG,117
val_4928.JPEG,105
val_6319.JPEG,160
val_2342.JPEG,136
val_894.JPEG,108
val_6244.JPEG,41
val_1732.JPEG,192
val_6658.JPEG,188
val_2098.JPEG,175
val_2124.JPEG,24
val_5760.JPEG,184
val_8065.JPEG,43
val_9607.JPEG,120
val_6388.JPEG,8
val_9989.JPEG,1
val_5099.JPEG,183
val_3514.JPEG,191
val_849.JPEG,147
val_5038.JPEG,121
val_1960.JPEG,155
val_3036.JPEG,140
val_8316.JPEG,197
val_9278.JPEG,117
val_9236.JPEG,190
val_5865.JPEG,57
val_177.JPEG,123
val_1109.JPEG,53
val_1089.JPEG,189
val_9305.JPEG,153
val_1565.JPEG,6
val_1163.JPEG,62
val_380.JPEG,41
val_4746.JPEG,11
val_3647.JPEG,36
val_2016.JPEG,153
val_6543.JPEG,46
val_6849.JPEG,187
val_6676.JPEG,38
val_7460.JPEG,141
val_5973.JPEG,88
val_1060.JPEG,134
val_4332.JPEG,154
val_7219.JPEG,82
val_8816.JPEG,121
val_67.JPEG,101
val_5982.JPEG,197
val_5087.JPEG,134
val_4053.JPEG,141
val_6952.JPEG,16
val_9493.JPEG,186
val_41.JPEG,33
val_2444.JPEG,118
val_1038.JPEG,17
val_1051.JPEG,167
val_8628.JPEG,185
val_7850.JPEG,81
val_2459.JPEG,108
val_8974.JPEG,167
val_397.JPEG,48
val_8595.JPEG,48
val_7012.JPEG,24
val_464.JPEG,154
val_1210.JPEG,61
val_9971.JPEG,110
val_3555.JPEG,102
val_2209.JPEG,43
val_6259.JPEG,84
val_9446.JPEG,40
val_9609.JPEG,65
val_4030.JPEG,157
val_2813.JPEG,51
val_6940.JPEG,113
val_5272.JPEG,11
val_6947.JPEG,35
val_5046.JPEG,172
val_7549.JPEG,55
val_8553.JPEG,25
val_4834.JPEG,178
val_2172.JPEG,142
val_8248.JPEG,12
val_1948.JPEG,94
val_6345.JPEG,146
val_4869.JPEG,178
val_8821.JPEG,162
val_2603.JPEG,46
val_5767.JPEG,183
val_3668.JPEG,17
val_7789.JPEG,150
val_7378.JPEG,86
val_1391.JPEG,17
val_4075.JPEG,193
val_6569.JPEG,167
val_9618.JPEG,174
val_6002.JPEG,133
val_2999.JPEG,149
val_9290.JPEG,35
val_4318.JPEG,82
val_2596.JPEG,100
val_5477.JPEG,73
val_676.JPEG,190
val_2101.JPEG,11
val_7057.JPEG,154
val_4576.JPEG,158
val_8987.JPEG,131
val_7011.JPEG,111
val_4549.JPEG,109
val_2325.JPEG,146
val_6591.JPEG,10
val_7314.JPEG,141
val_2094.JPEG,44
val_5178.JPEG,127
val_2040.JPEG,107
val_9212.JPEG,150
val_4744.JPEG,199
val_360.JPEG,109
val_7081.JPEG,72
val_2838.JPEG,178
val_5352.JPEG,69
val_6403.JPEG,195
val_7774.JPEG,20
val_5712.JPEG,16
val_862.JPEG,122
val_8275.JPEG,135
val_2332.JPEG,96
val_5487.JPEG,66
val_487.JPEG,32
val_7021.JPEG,28
val_3092.JPEG,74
val_2490.JPEG,149
val_6557.JPEG,28
val_3790.JPEG,164
val_2217.JPEG,37
val_8350.JPEG,25
val_4274.JPEG,109
val_5511.JPEG,100
val_4678.JPEG,152
val_6419.JPEG,113
val_1818.JPEG,146
val_8541.JPEG,150
val_2620.JPEG,154
val_6576.JPEG,146
val_6329.JPEG,2
val_4541.JPEG,182
val_6737.JPEG,89
val_1045.JPEG,39
val_5030.JPEG,69
val_5311.JPEG,183
val_9983.JPEG,28
val_6721.JPEG,163
val_7142.JPEG,118
val_7829.JPEG,175
val_8789.JPEG,47
val_4252.JPEG,177
val_8611.JPEG,57
val_7038.JPEG,11
val_9298.JPEG,1
val_756.JPEG,26
val_7462.JPEG,137
val_4313.JPEG,38
val_3063.JPEG,88
val_2576.JPEG,97
val_482.JPEG,110
val_7474.JPEG,118
val_7458.JPEG,14
val_3938.JPEG,147
val_4113.JPEG,88
val_2558.JPEG,65
val_8187.JPEG,165
val_7205.JPEG,77
val_9629.JPEG,134
val_2163.JPEG,52
val_785.JPEG,120
val_7390.JPEG,41
val_7154.JPEG,74
val_4805.JPEG,11
val_3430.JPEG,83
val_9516.JPEG,75
val_7834.JPEG,160
val_2654.JPEG,172
val_7900.JPEG,149
val_9116.JPEG,27
val_3074.JPEG,8
val_9926.JPEG,127
val_392.JPEG,132
val_1865.JPEG,89
val_5205.JPEG,112
val_1898.JPEG,83
val_7495.JPEG,157
val_3160.JPEG,3
val_5932.JPEG,37
val_8352.JPEG,86
val_8206.JPEG,150
val_8548.JPEG,30
val_528.JPEG,130
val_457.JPEG,125
val_4602.JPEG,170
val_3480.JPEG,196
val_7522.JPEG,162
val_1419.JPEG,199
val_8702.JPEG,106
val_882.JPEG,6
val_142.JPEG,84
val_3795.JPEG,56
val_6896.JPEG,52
val_4071.JPEG,93
val_8439.JPEG,82
val_4760.JPEG,70
val_8076.JPEG,1
val_7400.JPEG,47
val_2389.JPEG,53
val_13.JPEG,120
val_5779.JPEG,126
val_6494.JPEG,74
val_1215.JPEG,58
val_1903.JPEG,178
val_7640.JPEG,20
val_4171.JPEG,176
val_6761.JPEG,114
val_5143.JPEG,19
val_8934.JPEG,8
val_8296.JPEG,22
val_3746.JPEG,183
val_2988.JPEG,114
val_7230.JPEG,76
val_6276.JPEG,38
val_425.JPEG,194
val_4286.JPEG,183
val_2522.JPEG,124
val_77.JPEG,4
val_5317.JPEG,85
val_9428.JPEG,70
val_5858.JPEG,180
val_7601.JPEG,58
val_2386.JPEG,94
val_1201.JPEG,144
val_8891.JPEG,80
val_1973.JPEG,192
val_9854.JPEG,198
val_8047.JPEG,82
val_1574.JPEG,16
val_695.JPEG,26
val_4556.JPEG,130
val_8723.JPEG,97
val_9291.JPEG,153
val_85.JPEG,161
val_4327.JPEG,73
val_217.JPEG,176
val_6595.JPEG,161
val_1480.JPEG,45
val_3446.JPEG,65
val_1160.JPEG,84
val_5645.JPEG,156
val_2045.JPEG,153
val_1534.JPEG,26
val_5879.JPEG,104
val_1881.JPEG,195
val_4891.JPEG,169
val_5627.JPEG,16
val_1652.JPEG,59
val_2264.JPEG,113
val_1920.JPEG,83
val_4005.JPEG,87
val_6369.JPEG,36
val_892.JPEG,39
val_6038.JPEG,50
val_5506.JPEG,58
val_4717.JPEG,184
val_3428.JPEG,62
val_6976.JPEG,191
val_4195.JPEG,118
val_2794.JPEG,102
val_4070.JPEG,13
val_9811.JPEG,118
val_3323.JPEG,110
val_9715.JPEG,22
val_2613.JPEG,71
val_9201.JPEG,67
val_2147.JPEG,24
val_2662.JPEG,17
val_6883.JPEG,99
val_9051.JPEG,139
val_6070.JPEG,78
val_5462.JPEG,106
val_5642.JPEG,81
val_4738.JPEG,84
val_4986.JPEG,72
val_2183.JPEG,190
val_4023.JPEG,90
val_4507.JPEG,28
val_8698.JPEG,40
val_3980.JPEG,163
val_6803.JPEG,179
val_2279.JPEG,70
val_8402.JPEG,51
val_4114.JPEG,132
val_975.JPEG,136
val_4981.JPEG,104
val_1402.JPEG,192
val_9033.JPEG,76
val_9892.JPEG,195
val_2781.JPEG,115
val_3489.JPEG,153
val_9521.JPEG,114
val_2280.JPEG,178
val_9246.JPEG,152
val_7150.JPEG,158
val_6651.JPEG,99
val_6295.JPEG,34
val_311.JPEG,97
val_4840.JPEG,140
val_4513.JPEG,108
val_2111.JPEG,20
val_9199.JPEG,114
val_5077.JPEG,31
val_2982.JPEG,27
val_3376.JPEG,152
val_7713.JPEG,55
val_6343.JPEG,60
val_1508.JPEG,87
val_7338.JPEG,122
val_1552.JPEG,36
val_5127.JPEG,134
val_505.JPEG,107
val_8828.JPEG,110
val_8909.JPEG,13
val_8871.JPEG,157
val_3723.JPEG,90
val_6872.JPEG,150
val_3460.JPEG,15
val_7134.JPEG,117
val_3055.JPEG,176
val_5130.JPEG,168
val_889.JPEG,189
val_319.JPEG,77
val_3506.JPEG,88
val_9098.JPEG,72
val_7599.JPEG,87
val_8497.JPEG,72
val_8523.JPEG,114
val_3187.JPEG,14
val_9751.JPEG,151
val_4531.JPEG,182
val_6992.JPEG,192
val_32.JPEG,124
val_5309.JPEG,146
val_6728.JPEG,135
val_8019.JPEG,27
val_7519.JPEG,25
val_764.JPEG,78
val_8768.JPEG,26
val_9803.JPEG,97
val_9397.JPEG,142
val_4123.JPEG,28
val_6640.JPEG,103
val_4306.JPEG,114
val_5242.JPEG,129
val_813.JPEG,123
val_2350.JPEG,86
val_9356.JPEG,159
val_9422.JPEG,116
val_2408.JPEG,103
val_7282.JPEG,49
val_4855.JPEG,120
val_7094.JPEG,94
val_4501.JPEG,157
val_531.JPEG,109
val_4463.JPEG,97
val_2869.JPEG,91
val_4954.JPEG,82
val_1689.JPEG,29
val_7578.JPEG,187
val_1929.JPEG,12
val_5913.JPEG,34
val_4347.JPEG,152
val_7877.JPEG,84
val_1093.JPEG,23
val_9119.JPEG,196
val_859.JPEG,86
val_1541.JPEG,16
val_5415.JPEG,108
val_4757.JPEG,50
val_1458.JPEG,38
val_1081.JPEG,93
val_4012.JPEG,67
val_8094.JPEG,33
val_4883.JPEG,128
val_1643.JPEG,141
val_961.JPEG,102
val_8839.JPEG,199
val_8348.JPEG,187
val_1429.JPEG,83
val_8594.JPEG,35
val_3079.JPEG,18
val_3371.JPEG,65
val_2635.JPEG,85
val_5400.JPEG,47
val_1042.JPEG,177
val_135.JPEG,155
val_8372.JPEG,47
val_5284.JPEG,56
val_7651.JPEG,190
val_8078.JPEG,73
val_1276.JPEG,71
val_9202.JPEG,163
val_691.JPEG,7
val_1730.JPEG,155
val_2793.JPEG,177
val_1771.JPEG,134
val_8610.JPEG,79
val_2431.JPEG,73
val_5236.JPEG,36
val_8060.JPEG,40
val_7224.JPEG,151
val_2554.JPEG,36
val_3089.JPEG,123
val_1338.JPEG,30
val_7116.JPEG,170
val_6025.JPEG,38
val_9531.JPEG,176
val_1581.JPEG,184
val_1086.JPEG,13
val_2399.JPEG,6
val_1936.JPEG,20
val_2108.JPEG,26
val_2597.JPEG,93
val_8341.JPEG,34
val_8045.JPEG,181
val_3906.JPEG,89
val_1232.JPEG,77
val_9187.JPEG,168
val_7257.JPEG,105
val_9637.JPEG,86
val_6469.JPEG,162
val_9380.JPEG,157
val_9286.JPEG,4
val_4080.JPEG,61
val_6357.JPEG,100
val_1349.JPEG,36
val_8992.JPEG,189
val_8177.JPEG,39
val_7719.JPEG,14
val_8051.JPEG,82
val_7044.JPEG,72
val_5530.JPEG,194
val_8711.JPEG,73
val_7289.JPEG,57
val_5363.JPEG,81
val_2057.JPEG,64
val_169.JPEG,159
val_6609.JPEG,172
val_9004.JPEG,3
val_303.JPEG,109
val_6322.JPEG,30
val_8758.JPEG,19
val_6774.JPEG,33
val_8481.JPEG,0
val_7684.JPEG,97
val_2201.JPEG,30
val_8559.JPEG,60
val_1998.JPEG,176
val_3179.JPEG,21
val_244.JPEG,198
val_2449.JPEG,115
val_2514.JPEG,96
val_436.JPEG,62
val_1934.JPEG,168
val_4469.JPEG,49
val_7447.JPEG,125
val_7155.JPEG,198
val_6551.JPEG,136
val_9182.JPEG,90
val_5318.JPEG,134
val_1526.JPEG,184
val_5268.JPEG,187
val_3348.JPEG,138
val_6461.JPEG,147
val_7602.JPEG,71
val_6523.JPEG,98
val_5975.JPEG,196
val_376.JPEG,82
val_3493.JPEG,114
val_2050.JPEG,177
val_4474.JPEG,57
val_7432.JPEG,134
val_3770.JPEG,15
val_2996.JPEG,99
val_8618.JPEG,113
val_4289.JPEG,103
val_2349.JPEG,112
val_5841.JPEG,187
val_7200.JPEG,118
val_1955.JPEG,199
val_1650.JPEG,83
val_6657.JPEG,120
val_1531.JPEG,3
val_4712.JPEG,37
val_3212.JPEG,104
val_1982.JPEG,66
val_6818.JPEG,114
val_7459.JPEG,86
val_5368.JPEG,50
val_7381.JPEG,42
val_2549.JPEG,119
val_2967.JPEG,57
val_4160.JPEG,26
val_1417.JPEG,194
val_4884.JPEG,112
val_4022.JPEG,133
val_9578.JPEG,169
val_8666.JPEG,20
val_4483.JPEG,24
val_2130.JPEG,52
val_2667.JPEG,165
val_8246.JPEG,56
val_3304.JPEG,182
val_4745.JPEG,184
val_9503.JPEG,2
val_6996.JPEG,94
val_3939.JPEG,156
val_4385.JPEG,0
val_617.JPEG,197
val_1028.JPEG,98
val_1770.JPEG,40
val_755.JPEG,135
val_8857.JPEG,128
val_9223.JPEG,32
val_2796.JPEG,28
val_2739.JPEG,49
val_4950.JPEG,28
val_5832.JPEG,36
val_9140.JPEG,99
val_6054.JPEG,108
val_6404.JPEG,59
val_9320.JPEG,161
val_2043.JPEG,53
val_3056.JPEG,131
val_2798.JPEG,93
val_3343.JPEG,39
val_4056.JPEG,187
val_87.JPEG,20
val_4715.JPEG,60
val_6173.JPEG,100
val_2712.JPEG,47
val_8220.JPEG,88
val_8570.JPEG,38
val_9277.JPEG,121
val_3602.JPEG,185
val_2747.JPEG,37
val_3711.JPEG,113
val_7582.JPEG,187
val_2878.JPEG,128
val_2552.JPEG,137
val_8875.JPEG,185
val_500.JPEG,22
val_8685.JPEG,36
val_9993.JPEG,82
val_1327.JPEG,179
val_3537.JPEG,51
val_6990.JPEG,151
val_5552.JPEG,30
val_2858.JPEG,145
val_6465.JPEG,54
val_9003.JPEG,42
val_3029.JPEG,119
val_5935.JPEG,57
val_4677.JPEG,12
val_508.JPEG,79
val_736.JPEG,149
val_4897.JPEG,17
val_4508.JPEG,47
val_4333.JPEG,84
val_1170.JPEG,97
val_7215.JPEG,108
val_5494.JPEG,79
val_6102.JPEG,63
val_1334.JPEG,148
val_2536.JPEG,139
val_8756.JPEG,173
val_7327.JPEG,176
val_4683.JPEG,42
val_175.JPEG,78
val_8613.JPEG,162
val_7993.JPEG,11
val_6912.JPEG,123
val_3280.JPEG,140
val_6560.JPEG,190
val_5999.JPEG,17
val_9647.JPEG,68
val_6868.JPEG,158
val_7349.JPEG,107
val_9785.JPEG,68
val_6265.JPEG,87
val_1104.JPEG,89
val_9295.JPEG,47
val_9741.JPEG,103
val_4742.JPEG,30
val_2895.JPEG,175
val_5097.JPEG,168
val_7487.JPEG,93
val_3961.JPEG,124
val_877.JPEG,38
val_1378.JPEG,78
val_491.JPEG,190
val_1919.JPEG,98
val_8910.JPEG,51
val_8069.JPEG,151
val_2593.JPEG,99
val_8971.JPEG,77
val_5915.JPEG,196
val_2575.JPEG,106
val_2285.JPEG,6
val_4672.JPEG,67
val_1277.JPEG,194
val_9955.JPEG,145
val_9894.JPEG,177
val_682.JPEG,137
val_4368.JPEG,168
val_5425.JPEG,193
val_9952.JPEG,89
val_1668.JPEG,151
val_2056.JPEG,195
val_410.JPEG,3
val_5866.JPEG,9
val_5322.JPEG,151
val_1487.JPEG,187
val_839.JPEG,44
val_8288.JPEG,184
val_4084.JPEG,21
val_2955.JPEG,104
val_2157.JPEG,11
val_7121.JPEG,40
val_4841.JPEG,143
val_4343.JPEG,58
val_3972.JPEG,136
val_686.JPEG,128
val_5580.JPEG,133
val_4260.JPEG,13
val_9708.JPEG,26
val_6015.JPEG,24
val_4521.JPEG,37
val_3048.JPEG,31
val_6391.JPEG,51
val_4410.JPEG,75
val_782.JPEG,114
val_350.JPEG,4
val_8556.JPEG,110
val_1707.JPEG,128
val_4133.JPEG,61
val_4604.JPEG,115
val_6808.JPEG,198
val_3773.JPEG,93
val_7213.JPEG,94
val_4158.JPEG,58
val_4311.JPEG,182
val_7916.JPEG,149
val_2888.JPEG,24
val_1270.JPEG,152
val_6112.JPEG,105
val_6607.JPEG,11
val_1663.JPEG,70
val_8214.JPEG,56
val_276.JPEG,136
val_4732.JPEG,125
val_3407.JPEG,184
val_8555.JPEG,158
val_4183.JPEG,86
val_8225.JPEG,137
val_9258.JPEG,81
val_9198.JPEG,176
val_173.JPEG,159
val_3888.JPEG,67
val_888.JPEG,45
val_4667.JPEG,132
val_623.JPEG,80
val_5338.JPEG,4
val_2117.JPEG,76
val_8661.JPEG,18
val_1039.JPEG,166
val_5220.JPEG,23
val_2491.JPEG,76
val_8292.JPEG,156
val_7264.JPEG,21
val_9613.JPEG,189
val_718.JPEG,120
val_5743.JPEG,85
val_9061.JPEG,98
val_219.JPEG,179
val_7301.JPEG,178
val_4110.JPEG,130
val_5482.JPEG,101
val_5347.JPEG,30
val_9680.JPEG,41
val_2964.JPEG,3
val_4163.JPEG,41
val_2165.JPEG,160
val_9794.JPEG,11
val_1857.JPEG,71
val_9742.JPEG,121
val_5756.JPEG,21
val_3114.JPEG,25
val_6473.JPEG,5
val_274.JPEG,57
val_3778.JPEG,94
val_9292.JPEG,67
val_1365.JPEG,64
val_7068.JPEG,170
val_7707.JPEG,75
val_1430.JPEG,3
val_2394.JPEG,103
val_2530.JPEG,77
val_6096.JPEG,99
val_7045.JPEG,117
val_4698.JPEG,42
val_2496.JPEG,187
val_6608.JPEG,128
val_6127.JPEG,6
val_746.JPEG,119
val_1875.JPEG,151
val_7512.JPEG,124
val_3473.JPEG,107
val_9400.JPEG,5
val_1530.JPEG,126
val_7278.JPEG,45
val_8692.JPEG,78
val_9841.JPEG,76
val_2453.JPEG,66
val_3798.JPEG,151
val_8924.JPEG,121
val_6894.JPEG,103
val_3251.JPEG,146
val_8537.JPEG,60
val_6572.JPEG,171
val_6279.JPEG,137
val_4609.JPEG,68
val_7851.JPEG,193
val_8063.JPEG,22
val_8478.JPEG,155
val_1335.JPEG,34
val_2832.JPEG,134
val_9555.JPEG,138
val_8585.JPEG,0
val_5002.JPEG,106
val_3000.JPEG,121
val_8687.JPEG,167
val_6701.JPEG,174
val_3852.JPEG,142
val_7888.JPEG,31
val_1164.JPEG,183
val_8998.JPEG,49
val_256.JPEG,70
val_6649.JPEG,191
val_3603.JPEG,127
val_2023.JPEG,63
val_8447.JPEG,196
val_9480.JPEG,37
val_7051.JPEG,84
val_3593.JPEG,81
val_8518.JPEG,49
val_2862.JPEG,191
val_7924.JPEG,27
val_9900.JPEG,83
val_1396.JPEG,46
val_3983.JPEG,86
val_5255.JPEG,93
val_2317.JPEG,195
val_4529.JPEG,171
val_5009.JPEG,80
val_5211.JPEG,32
val_7637.JPEG,60
val_3605.JPEG,139
val_4557.JPEG,165
val_7616.JPEG,175
val_2539.JPEG,78
val_9601.JPEG,103
val_953.JPEG,6
val_9879.JPEG,54
val_6211.JPEG,104
val_1992.JPEG,76
val_6815.JPEG,186
val_2205.JPEG,70
val_6946.JPEG,19
val_72.JPEG,199
val_7370.JPEG,95
val_9702.JPEG,127
val_1135.JPEG,90
val_377.JPEG,195
val_821.JPEG,13
val_9279.JPEG,67
val_5583.JPEG,94
val_466.JPEG,182
val_1719.JPEG,72
val_6884.JPEG,140
val_9653.JPEG,99
val_7739.JPEG,89
val_3627.JPEG,13
val_2481.JPEG,158
val_2303.JPEG,92
val_9426.JPEG,1
val_725.JPEG,144
val_1333.JPEG,64
val_4528.JPEG,148
val_642.JPEG,40
val_4273.JPEG,69
val_285.JPEG,128
val_8351.JPEG,119
val_2790.JPEG,57
val_1905.JPEG,138
val_6674.JPEG,63
val_8070.JPEG,180
val_3644.JPEG,183
val_9473.JPEG,177
val_9826.JPEG,170
val_9192.JPEG,89
val_7650.JPEG,179
val_8823.JPEG,88
val_5045.JPEG,29
val_4543.JPEG,59
val_1854.JPEG,93
val_9844.JPEG,29
val_155.JPEG,111
val_2666.JPEG,105
val_8520.JPEG,3
val_8212.JPEG,53
val_4104.JPEG,71
val_4090.JPEG,121
val_8720.JPEG,150
val_9191.JPEG,18
val_7437.JPEG,140
val_6759.JPEG,100
val_1186.JPEG,187
val_7863.JPEG,108
val_5955.JPEG,50
val_5402.JPEG,53
val_7193.JPEG,82
val_7300.JPEG,62
val_7201.JPEG,115
val_5467.JPEG,189
val_6098.JPEG,26
val_1792.JPEG,164
val_8769.JPEG,131
val_1114.JPEG,52
val_7138.JPEG,194
val_9718.JPEG,169
val_6029.JPEG,3
val_2466.JPEG,171
val_3115.JPEG,171
val_5815.JPEG,69
val_1410.JPEG,184
val_4580.JPEG,153
val_9217.JPEG,107
val_1598.JPEG,159
val_5811.JPEG,184
val_9344.JPEG,158
val_4968.JPEG,174
val_4587.JPEG,54
val_275.JPEG,12
val_3365.JPEG,91
val_3361.JPEG,113
val_8385.JPEG,80
val_9840.JPEG,188
val_8199.JPEG,143
val_5695.JPEG,82
val_9746.JPEG,186
val_575.JPEG,187
val_114.JPEG,149
val_8774.JPEG,153
val_3082.JPEG,40
val_2196.JPEG,17
val_7293.JPEG,179
val_9800.JPEG,108
val_5416.JPEG,28
val_20.JPEG,123
val_2768.JPEG,192
val_5648.JPEG,175
val_6999.JPEG,156
val_9301.JPEG,168
val_970.JPEG,172
val_221.JPEG,115
val_2926.JPEG,179
val_9617.JPEG,60
val_2202.JPEG,26
val_327.JPEG,43
val_8221.JPEG,72
val_6892.JPEG,90
val_2146.JPEG,35
val_5909.JPEG,122
val_1974.JPEG,103
val_7218.JPEG,112
val_7543.JPEG,98
val_8480.JPEG,93
val_567.JPEG,78
val_2260.JPEG,151
val_1207.JPEG,107
val_6120.JPEG,101
val_8387.JPEG,92
val_6028.JPEG,101
val_9448.JPEG,90
val_4194.JPEG,104
val_3692.JPEG,190
val_3874.JPEG,125
val_7869.JPEG,108
val_8665.JPEG,6
val_2278.JPEG,150
val_2160.JPEG,100
val_5688.JPEG,120
val_3006.JPEG,190
val_7581.JPEG,148
val_9663.JPEG,115
val_4322.JPEG,57
val_3314.JPEG,45
val_6630.JPEG,75
val_9319.JPEG,9
val_4001.JPEG,53
val_2722.JPEG,93
val_9808.JPEG,100
val_4533.JPEG,176
val_293.JPEG,92
val_8424.JPEG,198
val_1191.JPEG,186
val_2275.JPEG,146
val_8143.JPEG,33
val_6290.JPEG,85
val_1154.JPEG,147
val_1431.JPEG,130
val_4949.JPEG,31
val_7955.JPEG,136
val_3486.JPEG,199
val_4574.JPEG,96
val_873.JPEG,44
val_6437.JPEG,10
val_1117.JPEG,161
val_5965.JPEG,196
val_5084.JPEG,2
val_2029.JPEG,56
val_9961.JPEG,124
val_5505.JPEG,168
val_1842.JPEG,22
val_2409.JPEG,78
val_2237.JPEG,90
val_9267.JPEG,34
val_2282.JPEG,122
val_52.JPEG,39
val_6969.JPEG,51
val_5201.JPEG,120
val_9834.JPEG,124
val_1216.JPEG,138
val_9091.JPEG,142
val_1138.JPEG,109
val_8178.JPEG,131
val_2200.JPEG,41
val_7318.JPEG,86
val_7047.JPEG,18
val_6526.JPEG,54
val_1126.JPEG,12
val_1823.JPEG,139
val_2089.JPEG,75
val_4741.JPEG,154
val_1140.JPEG,27
val_5890.JPEG,47
val_1254.JPEG,10
val_4900.JPEG,153
val_2884.JPEG,16
val_619.JPEG,94
val_5179.JPEG,174
val_2972.JPEG,131
val_9017.JPEG,65
val_9519.JPEG,144
val_9363.JPEG,159
val_5918.JPEG,10
val_9648.JPEG,107
val_690.JPEG,149
val_8963.JPEG,149
val_7171.JPEG,50
val_2870.JPEG,52
val_9160.JPEG,21
val_394.JPEG,126
val_9053.JPEG,110
val_6890.JPEG,78
val_3400.JPEG,46
val_5791.JPEG,96
val_418.JPEG,98
val_5862.JPEG,131
val_6111.JPEG,110
val_7363.JPEG,39
val_8815.JPEG,153
val_6845.JPEG,22
val_6925.JPEG,174
val_8309.JPEG,23
val_1116.JPEG,196
val_5747.JPEG,54
val_8302.JPEG,185
val_510.JPEG,10
val_7379.JPEG,61
val_6997.JPEG,68
val_3995.JPEG,44
val_4229.JPEG,83
val_5299.JPEG,51
val_9899.JPEG,73
val_9646.JPEG,188
val_1308.JPEG,14
val_6542.JPEG,15
val_818.JPEG,127
val_8805.JPEG,8
val_5485.JPEG,27
val_9171.JPEG,100
val_838.JPEG,104
val_6162.JPEG,58
val_2583.JPEG,199
val_4960.JPEG,59
val_8169.JPEG,131
val_3298.JPEG,50
val_6336.JPEG,197
val_3665.JPEG,92
val_3509.JPEG,141
val_4190.JPEG,9
val_8718.JPEG,131
val_5304.JPEG,110
val_246.JPEG,168
val_7576.JPEG,68
val_2281.JPEG,122
val_35.JPEG,86
val_4888.JPEG,45
val_2682.JPEG,99
val_7591.JPEG,46
val_645.JPEG,46
val_9252.JPEG,144
val_9815.JPEG,198
val_97.JPEG,34
val_3639.JPEG,194
val_1229.JPEG,38
val_2295.JPEG,31
val_3226.JPEG,156
val_163.JPEG,58
val_4911.JPEG,96
val_4346.JPEG,102
val_3897.JPEG,102
val_9587.JPEG,105
val_1198.JPEG,102
val_1367.JPEG,125
val_5406.JPEG,23
val_8563.JPEG,14
val_2348.JPEG,120
val_3137.JPEG,171
val_8203.JPEG,185
val_3842.JPEG,116
val_2114.JPEG,166
val_7329.JPEG,174
val_69.JPEG,139
val_1272.JPEG,181
val_3373.JPEG,125
val_7529.JPEG,33
val_6115.JPEG,48
val_7336.JPEG,9
val_6690.JPEG,127
val_333.JPEG,144
val_3549.JPEG,195
val_9950.JPEG,19
val_5567.JPEG,8
val_2760.JPEG,132
val_9194.JPEG,31
val_8730.JPEG,146
val_8744.JPEG,67
val_6459.JPEG,144
val_9576.JPEG,8
val_2392.JPEG,177
val_4910.JPEG,180
val_3162.JPEG,156
val_6780.JPEG,194
val_8393.JPEG,93
val_7668.JPEG,183
val_7950.JPEG,164
val_3441.JPEG,144
val_5786.JPEG,54
val_7568.JPEG,162
val_5110.JPEG,34
val_107.JPEG,118
val_4907.JPEG,105
val_6350.JPEG,22
val_1522.JPEG,171
val_1600.JPEG,91
val_726.JPEG,138
val_8868.JPEG,180
val_8364.JPEG,160
val_2203.JPEG,121
val_8151.JPEG,17
val_6922.JPEG,86
val_1856.JPEG,49
val_5453.JPEG,107
val_5566.JPEG,83
val_2566.JPEG,7
val_740.JPEG,66
val_3223.JPEG,125
val_3307.JPEG,196
val_5521.JPEG,98
val_9049.JPEG,137
val_8323.JPEG,184
val_249.JPEG,122
val_778.JPEG,195
val_204.JPEG,186
val_3684.JPEG,25
val_7439.JPEG,134
val_931.JPEG,190
val_5451.JPEG,116
val_4957.JPEG,69
val_5903.JPEG,84
val_8306.JPEG,171
val_8599.JPEG,53
val_7085.JPEG,116
val_8535.JPEG,192
val_9674.JPEG,157
val_6137.JPEG,153
val_8728.JPEG,31
val_1341.JPEG,170
val_4307.JPEG,169
val_6669.JPEG,141
val_1387.JPEG,150
val_2920.JPEG,1
val_5727.JPEG,100
val_652.JPEG,155
val_3484.JPEG,167
val_6564.JPEG,21
val_779.JPEG,144
val_5706.JPEG,58
val_2238.JPEG,18
val_4358.JPEG,46
val_4141.JPEG,19
val_9893.JPEG,49
val_8997.JPEG,113
val_4465.JPEG,184
val_8059.JPEG,160
val_2881.JPEG,106
val_9478.JPEG,43
val_588.JPEG,187
val_3382.JPEG,142
val_5685.JPEG,138
val_6822.JPEG,13
val_3479.JPEG,92
val_4209.JPEG,57
val_9890.JPEG,60
val_2384.JPEG,39
val_7567.JPEG,159
val_3831.JPEG,54
val_9183.JPEG,62
val_2629.JPEG,37
val_341.JPEG,70
val_9507.JPEG,106
val_9605.JPEG,33
val_6108.JPEG,112
val_2905.JPEG,150
val_6699.JPEG,156
val_7914.JPEG,131
val_7441.JPEG,72
val_5148.JPEG,96
val_6698.JPEG,93
val_1491.JPEG,88
val_184.JPEG,149
val_8170.JPEG,39
val_9481.JPEG,139
val_6785.JPEG,71
val_8263.JPEG,74
val_4967.JPEG,128
val_871.JPEG,73
val_2402.JPEG,6
val_6716.JPEG,39
val_188.JPEG,41
val_199.JPEG,58
val_6623.JPEG,172
val_1121.JPEG,136
val_349.JPEG,198
val_9625.JPEG,81
val_1497.JPEG,89
val_5264.JPEG,91
val_2638.JPEG,16
val_4562.JPEG,179
val_3722.JPEG,128
val_9440.JPEG,25
val_4846.JPEG,65
val_90.JPEG,83
val_8716.JPEG,120
val_8785.JPEG,154
val_4172.JPEG,110
val_1602.JPEG,193
val_587.JPEG,126
val_511.JPEG,57
val_5593.JPEG,188
val_143.JPEG,173
val_5763.JPEG,22
val_1.JPEG,139
val_7606.JPEG,169
val_8409.JPEG,90
val_1280.JPEG,130
val_3847.JPEG,82
val_8370.JPEG,32
val_5231.JPEG,3
val_8237.JPEG,81
val_1635.JPEG,27
val_9574.JPEG,45
val_3464.JPEG,30
val_8534.JPEG,65
val_3173.JPEG,67
val_7595.JPEG,92
val_8986.JPEG,183
val_5163.JPEG,169
val_6689.JPEG,44
val_9083.JPEG,22
val_7185.JPEG,113
val_9431.JPEG,161
val_3288.JPEG,69
val_7961.JPEG,158
val_9505.JPEG,115
val_7217.JPEG,26
val_3545.JPEG,0
val_8349.JPEG,192
val_432.JPEG,125
val_7423.JPEG,85
val_9360.JPEG,121
val_5602.JPEG,91
val_2573.JPEG,18
val_4363.JPEG,85
val_8052.JPEG,126
val_6188.JPEG,118
val_3578.JPEG,134
val_8605.JPEG,23
val_1721.JPEG,163
val_4341.JPEG,51
val_6629.JPEG,55
val_4218.JPEG,117
val_8846.JPEG,156
val_4778.JPEG,136
val_7290.JPEG,31
val_2523.JPEG,82
val_1722.JPEG,119
val_8463.JPEG,166
val_6536.JPEG,64
val_7732.JPEG,141
val_3003.JPEG,49
val_8510.JPEG,84
val_9445.JPEG,71
val_9494.JPEG,128
val_1091.JPEG,139
val_4267.JPEG,9
val_6864.JPEG,25
val_3942.JPEG,144
val_8770.JPEG,84
val_4157.JPEG,85
val_9545.JPEG,183
val_2520.JPEG,122
val_8484.JPEG,70
val_5572.JPEG,51
val_2193.JPEG,171
val_8790.JPEG,27
val_8882.JPEG,177
val_8838.JPEG,0
val_7090.JPEG,129
val_696.JPEG,101
val_9080.JPEG,166
val_3689.JPEG,22
val_2525.JPEG,101
val_2298.JPEG,120
val_7810.JPEG,143
val_6339.JPEG,8
val_3216.JPEG,137
val_4348.JPEG,9
val_3953.JPEG,157
val_3028.JPEG,78
val_9096.JPEG,126
val_4525.JPEG,136
val_8547.JPEG,196
val_1258.JPEG,86
val_211.JPEG,4
val_6178.JPEG,176
val_5054.JPEG,101
val_8792.JPEG,199
val_1862.JPEG,143
val_7285.JPEG,131
val_8269.JPEG,41
val_2421.JPEG,64
val_8289.JPEG,34
val_997.JPEG,149
val_6381.JPEG,85
val_3202.JPEG,33
val_9870.JPEG,117
val_5390.JPEG,65
val_8854.JPEG,19
val_1319.JPEG,3
val_5855.JPEG,120
val_8940.JPEG,97
val_949.JPEG,170
val_3316.JPEG,166
val_2564.JPEG,90
val_6263.JPEG,78
val_6819.JPEG,28
val_5212.JPEG,46
val_820.JPEG,159
val_8365.JPEG,33
val_8477.JPEG,10
val_1780.JPEG,173
val_8116.JPEG,132
val_6435.JPEG,93
val_4406.JPEG,178
val_7231.JPEG,196
val_6.JPEG,147
val_1964.JPEG,77
val_6565.JPEG,38
val_797.JPEG,9
val_9406.JPEG,143
val_7286.JPEG,148
val_1175.JPEG,162
val_8914.JPEG,145
val_6713.JPEG,143
val_446.JPEG,3
val_7380.JPEG,51
val_9225.JPEG,68
val_389.JPEG,135
val_2171.JPEG,37
val_9063.JPEG,95
val_3370.JPEG,186
val_6480.JPEG,43
val_7715.JPEG,15
val_2161.JPEG,148
val_5267.JPEG,142
val_8112.JPEG,47
val_5089.JPEG,149
val_1556.JPEG,153
val_5279.JPEG,45
val_4720.JPEG,128
val_2777.JPEG,132
val_4280.JPEG,154
val_1439.JPEG,178
val_5718.JPEG,188
val_4818.JPEG,183
val_5598.JPEG,77
val_8110.JPEG,138
val_8754.JPEG,114
val_8808.JPEG,45
val_7446.JPEG,74
val_3016.JPEG,117
val_5956.JPEG,34
val_3664.JPEG,26
val_1868.JPEG,191
val_9401.JPEG,172
val_1810.JPEG,40
val_4215.JPEG,67
val_5515.JPEG,157
val_1808.JPEG,181
val_9627.JPEG,116
val_8679.JPEG,194
val_7141.JPEG,148
val_3962.JPEG,29
val_2390.JPEG,34
val_6013.JPEG,78
val_7932.JPEG,53
val_6441.JPEG,8
val_5282.JPEG,88
val_1101.JPEG,132
val_8872.JPEG,189
val_1848.JPEG,190
val_7146.JPEG,71
val_2095.JPEG,70
val_2572.JPEG,54
val_1684.JPEG,8
val_2765.JPEG,193
val_6277.JPEG,50
val_4152.JPEG,144
val_8526.JPEG,193
val_6502.JPEG,35
val_656.JPEG,123
val_403.JPEG,136
val_9490.JPEG,140
val_9554.JPEG,121
val_8096.JPEG,142
val_741.JPEG,40
val_9334.JPEG,86
val_5546.JPEG,0
val_7887.JPEG,20
val_1292.JPEG,15
val_3249.JPEG,152
val_1989.JPEG,104
val_4516.JPEG,181
val_9164.JPEG,163
val_4088.JPEG,59
val_7511.JPEG,160
val_2703.JPEG,98
val_6559.JPEG,40
val_461.JPEG,149
val_1404.JPEG,92
val_9709.JPEG,193
val_1609.JPEG,61
val_6257.JPEG,169
val_2699.JPEG,140
val_9498.JPEG,47
val_9780.JPEG,26
val_2072.JPEG,172
val_4130.JPEG,171
val_5244.JPEG,125
val_8397.JPEG,12
val_3733.JPEG,1
val_7610.JPEG,15
val_5115.JPEG,23
val_7359.JPEG,36
val_6134.JPEG,84
val_969.JPEG,125
val_643.JPEG,119
val_5795.JPEG,177
val_5574.JPEG,145
val_517.JPEG,32
val_6061.JPEG,30
val_6333.JPEG,23
val_9413.JPEG,65
val_8652.JPEG,90
val_2434.JPEG,50
val_3915.JPEG,85
val_3127.JPEG,196
val_8118.JPEG,61
val_3810.JPEG,190
val_7698.JPEG,99
val_6212.JPEG,132
val_8656.JPEG,166
val_483.JPEG,49
val_5210.JPEG,35
val_3470.JPEG,73
val_7052.JPEG,174
val_7421.JPEG,94
val_5141.JPEG,158
val_1194.JPEG,35
val_5435.JPEG,82
val_1133.JPEG,174
val_1250.JPEG,186
val_2077.JPEG,141
val_3819.JPEG,65
val_1005.JPEG,88
val_1947.JPEG,145
val_7426.JPEG,14
val_5943.JPEG,56
val_3078.JPEG,132
val_5608.JPEG,143
val_1694.JPEG,23
val_7120.JPEG,83
val_1311.JPEG,25
val_2799.JPEG,198
val_9909.JPEG,132
val_9907.JPEG,162
val_2326.JPEG,71
val_9416.JPEG,81
val_8380.JPEG,84
val_1064.JPEG,5
val_7418.JPEG,84
val_1738.JPEG,162
val_4007.JPEG,93
val_5974.JPEG,43
val_1348.JPEG,193
val_9076.JPEG,61
val_5689.JPEG,58
val_7695.JPEG,52
val_4799.JPEG,129
val_2339.JPEG,155
val_5109.JPEG,182
val_220.JPEG,134
val_1716.JPEG,165
val_9293.JPEG,179
val_8947.JPEG,91
val_4292.JPEG,39
val_3096.JPEG,129
val_7149.JPEG,71
val_8163.JPEG,35
val_8988.JPEG,64
val_1307.JPEG,19
val_4784.JPEG,198
val_8931.JPEG,127
val_4767.JPEG,18
val_2489.JPEG,17
val_4633.JPEG,43
val_3927.JPEG,49
val_407.JPEG,26
val_1950.JPEG,2
val_3735.JPEG,164
val_2246.JPEG,102
val_1628.JPEG,151
val_8383.JPEG,72
val_9168.JPEG,49
val_1019.JPEG,197
val_6933.JPEG,169
val_8454.JPEG,43
val_3973.JPEG,107
val_4287.JPEG,12
val_3918.JPEG,195
val_4045.JPEG,105
val_4376.JPEG,101
val_7160.JPEG,72
val_6375.JPEG,9
val_1483.JPEG,56
val_2625.JPEG,36
val_8786.JPEG,78
val_6799.JPEG,112
val_6525.JPEG,147
val_6374.JPEG,90
val_7880.JPEG,143
val_3914.JPEG,87
val_7125.JPEG,172
val_9466.JPEG,166
val_5716.JPEG,55
val_149.JPEG,30
val_6423.JPEG,142
val_6069.JPEG,190
val_4189.JPEG,197
val_2277.JPEG,198
val_6633.JPEG,140
val_1034.JPEG,165
val_3305.JPEG,15
val_1841.JPEG,114
val_248.JPEG,1
val_1601.JPEG,147
val_2430.JPEG,62
val_8215.JPEG,103
val_6180.JPEG,84
val_6425.JPEG,93
val_7452.JPEG,154
val_1009.JPEG,11
val_2755.JPEG,184
val_8457.JPEG,191
val_8149.JPEG,99
val_1900.JPEG,132
val_2027.JPEG,186
val_81.JPEG,23
val_7284.JPEG,191
val_3656.JPEG,180
val_4403.JPEG,114
val_5221.JPEG,41
val_2074.JPEG,118
val_5392.JPEG,66
val_9981.JPEG,70
val_75.JPEG,5
val_5609.JPEG,64
val_7795.JPEG,23
val_9911.JPEG,65
val_3308.JPEG,29
val_4722.JPEG,145
val_851.JPEG,56
val_5802.JPEG,192
val_4489.JPEG,106
val_802.JPEG,181
val_1761.JPEG,141
val_8089.JPEG,9
val_9796.JPEG,162
val_3958.JPEG,108
val_5604.JPEG,195
val_9818.JPEG,198
val_5707.JPEG,44
val_5701.JPEG,42
val_1928.JPEG,47
val_451.JPEG,21
val_3435.JPEG,191
val_6918.JPEG,76
val_4317.JPEG,127
val_6196.JPEG,179
val_5715.JPEG,198
val_4097.JPEG,137
val_9090.JPEG,144
val_110.JPEG,174
val_2782.JPEG,37
val_3264.JPEG,194
val_6226.JPEG,6
val_6924.JPEG,52
val_3013.JPEG,128
val_731.JPEG,14
val_2388.JPEG,20
val_7103.JPEG,84
val_3678.JPEG,199
val_1945.JPEG,74
val_6223.JPEG,30
val_1548.JPEG,151
val_3992.JPEG,79
val_7449.JPEG,182
val_6501.JPEG,54
val_4315.JPEG,123
val_2690.JPEG,129
val_6842.JPEG,137
val_9737.JPEG,191
val_4611.JPEG,104
val_2780.JPEG,102
val_9027.JPEG,123
val_9072.JPEG,122
val_8960.JPEG,146
val_1925.JPEG,120
val_8392.JPEG,5
val_9712.JPEG,182
val_6078.JPEG,186
val_5631.JPEG,106
val_7968.JPEG,145
val_7659.JPEG,128
val_9311.JPEG,185
val_8260.JPEG,152
val_437.JPEG,21
val_1077.JPEG,123
val_9071.JPEG,100
val_8277.JPEG,133
val_7689.JPEG,94
val_8907.JPEG,174
val_8077.JPEG,89
val_5327.JPEG,64
val_3957.JPEG,39
val_4103.JPEG,29
val_1754.JPEG,198
val_2498.JPEG,61
val_4242.JPEG,195
val_551.JPEG,135
val_8165.JPEG,126
val_7424.JPEG,13
val_1295.JPEG,196
val_8832.JPEG,110
val_4314.JPEG,121
val_7661.JPEG,5
val_2166.JPEG,67
val_5331.JPEG,145
val_4428.JPEG,5
val_1284.JPEG,0
val_2397.JPEG,149
val_8379.JPEG,16
val_3207.JPEG,188
val_4638.JPEG,1
val_6492.JPEG,63
val_7316.JPEG,91
val_7507.JPEG,96
val_1886.JPEG,25
val_6562.JPEG,196
val_4350.JPEG,56
val_3608.JPEG,80
val_8818.JPEG,198
val_5896.JPEG,109
val_2808.JPEG,109
val_9188.JPEG,69
val_4269.JPEG,143
val_7270.JPEG,164
val_9023.JPEG,72
val_1095.JPEG,84
val_27.JPEG,158
val_2761.JPEG,116
val_8376.JPEG,25
val_5031.JPEG,3
val_4295.JPEG,32
val_4478.JPEG,79
val_8991.JPEG,63
val_6797.JPEG,31
val_3478.JPEG,105
val_8676.JPEG,84
val_7634.JPEG,136
val_95.JPEG,55
val_6232.JPEG,83
val_905.JPEG,181
val_1791.JPEG,196
val_3861.JPEG,184
val_1984.JPEG,104
val_5543.JPEG,73
val_3879.JPEG,149
val_3883.JPEG,71
val_9128.JPEG,38
val_150.JPEG,91
val_3975.JPEG,148
val_9896.JPEG,162
val_738.JPEG,184
val_875.JPEG,61
val_3683.JPEG,151
val_5578.JPEG,10
val_4405.JPEG,35
val_3645.JPEG,51
val_932.JPEG,54
val_2357.JPEG,180
val_3363.JPEG,156
val_4951.JPEG,155
val_3469.JPEG,73
val_1667.JPEG,126
val_8598.JPEG,177
val_7212.JPEG,38
val_8776.JPEG,196
val_8659.JPEG,145
val_4150.JPEG,14
val_212.JPEG,166
val_2989.JPEG,128
val_3172.JPEG,172
val_4666.JPEG,20
val_8097.JPEG,99
val_2177.JPEG,51
val_1451.JPEG,84
val_1727.JPEG,5
val_1105.JPEG,180
val_7214.JPEG,58
val_5946.JPEG,133
val_6828.JPEG,119
val_5661.JPEG,3
val_4640.JPEG,144
val_547.JPEG,31
val_9921.JPEG,8
val_5192.JPEG,1
val_408.JPEG,26
val_5227.JPEG,173
val_9330.JPEG,28
val_9474.JPEG,133
val_6053.JPEG,39
val_8244.JPEG,114
val_1615.JPEG,154
val_591.JPEG,199
val_2665.JPEG,105
val_4989.JPEG,171
val_6901.JPEG,18
val_388.JPEG,65
val_1616.JPEG,96
val_6514.JPEG,60
val_9161.JPEG,68
val_8462.JPEG,6
val_3535.JPEG,7
val_268.JPEG,23
val_4176.JPEG,157
val_1048.JPEG,127
val_9193.JPEG,128
val_7756.JPEG,47
val_3705.JPEG,118
val_5354.JPEG,64
val_4523.JPEG,65
val_8983.JPEG,157
val_1144.JPEG,41
val_7906.JPEG,61
val_6571.JPEG,1
val_4059.JPEG,174
val_6047.JPEG,37
val_663.JPEG,47
val_6672.JPEG,193
val_9414.JPEG,37
val_3787.JPEG,120
val_3083.JPEG,36
val_786.JPEG,80
val_1922.JPEG,184
val_8378.JPEG,98
val_3193.JPEG,123
val_8024.JPEG,90
val_1161.JPEG,136
val_8305.JPEG,36
val_7488.JPEG,191
val_8530.JPEG,77
val_4603.JPEG,130
val_2683.JPEG,21
val_3829.JPEG,139
val_6714.JPEG,22
val_2604.JPEG,70
val_6479.JPEG,36
val_3018.JPEG,35
val_7540.JPEG,92
val_4476.JPEG,8
val_6510.JPEG,196
val_6302.JPEG,71
val_6091.JPEG,194
val_2506.JPEG,119
val_1494.JPEG,69
val_6816.JPEG,153
val_9968.JPEG,196
val_5056.JPEG,21
val_162.JPEG,14
val_1209.JPEG,57
val_4444.JPEG,69
val_7749.JPEG,121
val_8500.JPEG,159
val_557.JPEG,46
val_3557.JPEG,184
val_5068.JPEG,161
val_6443.JPEG,137
val_5658.JPEG,153
val_9608.JPEG,85
val_6941.JPEG,179
val_3496.JPEG,116
val_3248.JPEG,49
val_7340.JPEG,63
val_7598.JPEG,91
val_5169.JPEG,79
val_641.JPEG,162
val_4060.JPEG,8
val_4475.JPEG,155
val_5174.JPEG,138
val_4593.JPEG,56
val_4135.JPEG,15
val_3022.JPEG,114
val_9190.JPEG,30
val_7098.JPEG,95
val_3039.JPEG,69
val_4828.JPEG,171
val_7573.JPEG,24
val_7416.JPEG,170
val_9687.JPEG,180
val_7471.JPEG,163
val_6561.JPEG,13
val_9557.JPEG,71
val_5897.JPEG,8
val_3662.JPEG,66
val_7754.JPEG,44
val_8773.JPEG,78
val_4663.JPEG,118
val_7499.JPEG,165
val_5102.JPEG,58
val_1806.JPEG,34
val_4847.JPEG,7
val_4944.JPEG,175
val_2932.JPEG,162
val_1285.JPEG,86
val_5263.JPEG,96
val_9476.JPEG,161
val_106.JPEG,194
val_7742.JPEG,39
val_6438.JPEG,170
val_2221.JPEG,59
val_5197.JPEG,11
val_6341.JPEG,179
val_7605.JPEG,196
val_9824.JPEG,164
val_3445.JPEG,29
val_832.JPEG,160
val_1036.JPEG,68
val_3600.JPEG,105
val_2047.JPEG,118
val_4294.JPEG,183
val_9698.JPEG,104
val_7825.JPEG,103
val_6346.JPEG,10
val_4881.JPEG,42
val_6807.JPEG,39
val_3860.JPEG,148
val_8196.JPEG,127
val_264.JPEG,154
val_9941.JPEG,133
val_6637.JPEG,16
val_4689.JPEG,177
val_4231.JPEG,121
val_3659.JPEG,146
val_6066.JPEG,184
val_6659.JPEG,18
val_8937.JPEG,142
val_5474.JPEG,118
val_6158.JPEG,42
val_1888.JPEG,162
val_7159.JPEG,63
val_3234.JPEG,164
val_3084.JPEG,48
val_7054.JPEG,108
val_4842.JPEG,163
val_7731.JPEG,185
val_421.JPEG,134
val_3050.JPEG,157
val_6489.JPEG,186
val_5011.JPEG,92
val_3690.JPEG,119
val_6863.JPEG,9
val_8054.JPEG,5
val_8908.JPEG,0
val_0.JPEG,107
val_1999.JPEG,114
val_6861.JPEG,58
val_8814.JPEG,30
val_5128.JPEG,157
val_979.JPEG,55
val_8671.JPEG,116
val_1415.JPEG,161
val_8195.JPEG,44
val_3682.JPEG,39
val_3688.JPEG,106
val_251.JPEG,139
val_2607.JPEG,196
val_6124.JPEG,180
val_3670.JPEG,197
val_4175.JPEG,105
val_6513.JPEG,182
val_9582.JPEG,147
val_3020.JPEG,62
val_6749.JPEG,165
val_1537.JPEG,122
val_2287.JPEG,177
val_7898.JPEG,157
val_3357.JPEG,103
val_3237.JPEG,40
val_988.JPEG,91
val_6504.JPEG,124
val_7553.JPEG,75
val_6046.JPEG,55
val_7864.JPEG,110
val_9243.JPEG,140
val_8120.JPEG,137
val_8396.JPEG,163
val_3827.JPEG,163
val_6650.JPEG,147
val_8345.JPEG,161
val_6085.JPEG,42
val_9836.JPEG,9
val_6740.JPEG,112
val_5625.JPEG,74
val_5817.JPEG,1
val_4382.JPEG,152
val_65.JPEG,173
val_9857.JPEG,152
val_930.JPEG,170
val_8509.JPEG,120
val_7575.JPEG,178
val_5386.JPEG,182
val_9902.JPEG,95
val_9528.JPEG,143
val_6556.JPEG,69
val_3794.JPEG,152
val_2064.JPEG,40
val_2294.JPEG,22
val_5555.JPEG,63
val_7960.JPEG,147
val_2176.JPEG,82
val_4764.JPEG,151
val_93.JPEG,55
val_7161.JPEG,37
val_4843.JPEG,120
val_735.JPEG,183
val_4429.JPEG,185
val_2987.JPEG,92
val_5554.JPEG,86
val_2445.JPEG,165
val_6585.JPEG,148
val_66.JPEG,118
val_5026.JPEG,166
val_545.JPEG,176
val_9706.JPEG,43
val_2837.JPEG,51
val_223.JPEG,77
val_7397.JPEG,166
val_6824.JPEG,195
val_3521.JPEG,23
val_5950.JPEG,199
val_2404.JPEG,182
val_1301.JPEG,91
val_9173.JPEG,119
val_8459.JPEG,4
val_9075.JPEG,67
val_1296.JPEG,198
val_5335.JPEG,165
val_7033.JPEG,199
val_7503.JPEG,18
val_4225.JPEG,184
val_5199.JPEG,115
val_2012.JPEG,180
val_7594.JPEG,100
val_284.JPEG,107
val_7229.JPEG,20
val_9048.JPEG,112
val_2154.JPEG,174
val_5342.JPEG,54
val_8517.JPEG,180
val_9722.JPEG,165
val_3310.JPEG,144
val_4375.JPEG,23
val_8542.JPEG,124
val_9622.JPEG,102
val_4691.JPEG,146
val_210.JPEG,102
val_6471.JPEG,118
val_7842.JPEG,12
val_2235.JPEG,69
val_9883.JPEG,64
val_6755.JPEG,128
val_8752.JPEG,104
val_2442.JPEG,160
val_4168.JPEG,75
val_6413.JPEG,97
val_4905.JPEG,35
val_1632.JPEG,8
val_3336.JPEG,156
val_1918.JPEG,193
val_855.JPEG,57
val_2645.JPEG,14
val_6361.JPEG,159
val_8707.JPEG,27
val_7566.JPEG,141
val_841.JPEG,13
val_4561.JPEG,109
val_6360.JPEG,42
val_4519.JPEG,108
val_5647.JPEG,122
val_7733.JPEG,191
val_4397.JPEG,176
val_9235.JPEG,140
val_3675.JPEG,52
val_9957.JPEG,7
val_647.JPEG,153
val_5615.JPEG,140
val_806.JPEG,27
val_9612.JPEG,4
val_1381.JPEG,176
val_6586.JPEG,119
val_1456.JPEG,92
val_4494.JPEG,45
val_3533.JPEG,80
val_7998.JPEG,127
val_1199.JPEG,128
val_6451.JPEG,33
val_7093.JPEG,38
val_2555.JPEG,177
val_7153.JPEG,74
val_250.JPEG,164
val_1190.JPEG,82
val_5032.JPEG,113
val_6854.JPEG,152
val_1577.JPEG,199
val_5603.JPEG,105
val_6050.JPEG,29
val_6552.JPEG,39
val_6250.JPEG,90
val_4822.JPEG,122
val_6220.JPEG,89
val_8710.JPEG,150
val_2181.JPEG,188
val_9767.JPEG,155
val_8688.JPEG,4
val_4852.JPEG,190
val_4485.JPEG,193
val_8514.JPEG,167
val_2616.JPEG,187
val_6136.JPEG,2
val_4203.JPEG,83
val_5195.JPEG,104
val_7050.JPEG,95
val_1249.JPEG,83
val_4082.JPEG,132
val_7563.JPEG,199
val_8265.JPEG,98
val_6708.JPEG,117
val_2143.JPEG,96
val_523.JPEG,40
val_1781.JPEG,180
val_876.JPEG,28
val_615.JPEG,83
val_3491.JPEG,12
val_9580.JPEG,12
val_760.JPEG,159
val_6831.JPEG,73
val_9655.JPEG,98
val_8972.JPEG,74
val_903.JPEG,59
val_1054.JPEG,9
val_7556.JPEG,81
val_9044.JPEG,98
val_1980.JPEG,18
val_2939.JPEG,141
val_291.JPEG,165
val_3679.JPEG,101
val_391.JPEG,134
val_2194.JPEG,80
val_3411.JPEG,51
val_314.JPEG,165
val_8418.JPEG,169
val_4850.JPEG,151
val_7099.JPEG,73
val_8482.JPEG,31
val_7384.JPEG,107
val_2464.JPEG,46
val_5080.JPEG,74
val_8583.JPEG,3
val_1177.JPEG,189
val_2668.JPEG,22
val_650.JPEG,22
val_3617.JPEG,106
val_1306.JPEG,193
val_7234.JPEG,29
val_9280.JPEG,86
val_7391.JPEG,89
val_4235.JPEG,92
val_2737.JPEG,123
val_8007.JPEG,137
val_9289.JPEG,160
val_7518.JPEG,66
val_4003.JPEG,175
val_3781.JPEG,66
val_7551.JPEG,91
val_1678.JPEG,52
val_7657.JPEG,141
val_6155.JPEG,102
val_2232.JPEG,116
val_5086.JPEG,134
val_7939.JPEG,85
val_6099.JPEG,10
val_3706.JPEG,54
val_6200.JPEG,102
val_9287.JPEG,26
val_8649.JPEG,97
val_8887.JPEG,3
val_3106.JPEG,17
val_7325.JPEG,38
val_5500.JPEG,76
val_2198.JPEG,192
val_8977.JPEG,58
val_1821.JPEG,171
val_2337.JPEG,0
val_1572.JPEG,98
val_6073.JPEG,197
val_5526.JPEG,94
val_6770.JPEG,34
val_9679.JPEG,135
val_4369.JPEG,58
val_9869.JPEG,94
val_3497.JPEG,15
val_1891.JPEG,96
val_9692.JPEG,139
val_3780.JPEG,107
val_8513.JPEG,102
val_5517.JPEG,147
val_7812.JPEG,142
val_1434.JPEG,187
val_6090.JPEG,16
val_5308.JPEG,109
val_8964.JPEG,157
val_1354.JPEG,141
val_6432.JPEG,65
val_1405.JPEG,2
val_542.JPEG,47
val_4588.JPEG,197
val_4493.JPEG,52
val_9801.JPEG,184
val_4379.JPEG,11
val_1484.JPEG,174
val_6869.JPEG,198
val_1427.JPEG,35
val_5389.JPEG,195
val_3926.JPEG,1
val_1626.JPEG,114
val_3318.JPEG,69
val_3853.JPEG,144
val_9299.JPEG,81
val_2993.JPEG,55
val_5755.JPEG,53
val_1142.JPEG,47
val_3666.JPEG,96
val_1264.JPEG,117
val_8804.JPEG,108
val_7831.JPEG,52
val_9916.JPEG,186
val_2901.JPEG,175
val_8347.JPEG,74
val_5592.JPEG,14
val_8573.JPEG,56
val_6897.JPEG,91
val_6655.JPEG,103
val_3177.JPEG,43
val_5376.JPEG,87
val_4692.JPEG,25
val_3295.JPEG,71
val_8233.JPEG,132
val_6285.JPEG,161
val_8259.JPEG,98
val_536.JPEG,60
val_7972.JPEG,51
val_3136.JPEG,152
val_3601.JPEG,79
val_2827.JPEG,101
val_76.JPEG,30
val_9696.JPEG,84
val_5564.JPEG,58
val_728.JPEG,60
val_1185.JPEG,123
val_5473.JPEG,178
val_8471.JPEG,139
val_7849.JPEG,89
val_2600.JPEG,43
val_7953.JPEG,1
val_7018.JPEG,119
val_1241.JPEG,57
val_7784.JPEG,179
val_8675.JPEG,54
val_305.JPEG,181
val_9556.JPEG,98
val_6544.JPEG,185
val_3492.JPEG,146
val_3335.JPEG,160
val_469.JPEG,89
val_8025.JPEG,80
val_5749.JPEG,136
val_9092.JPEG,84
val_9145.JPEG,144
val_8884.JPEG,126
val_6454.JPEG,95
val_9963.JPEG,165
val_6852.JPEG,187
val_174.JPEG,72
val_3532.JPEG,98
val_8186.JPEG,73
val_2512.JPEG,146
val_332.JPEG,145
val_103.JPEG,130
val_1165.JPEG,126
val_1352.JPEG,2
val_9657.JPEG,42
val_4166.JPEG,199
val_9437.JPEG,123
val_1971.JPEG,79
val_9631.JPEG,110
val_2244.JPEG,104
val_7425.JPEG,171
val_7463.JPEG,35
val_4931.JPEG,141
val_792.JPEG,158
